SOURCE_ID,BUS_STATION_NAME,DEEPLINK
0204,AAROHI CLUB ROAD,paytmmp://mini-app?aId=77a7aa36c00e469482a6219004fde717&data=eyJwYXRoIjoiL2NpdHktYnVzL2dldFNvdXJjZURldGFpbHMiLCJwYXJhbXMiOnsibWVyY2hhbnRDaXR5S2V5IjoiYWhtZWRhYmFkX2JydHMiLCJzb3VyY2VJZCI6IjAyMDQifSwic3BhcmFtcyI6eyJwdWxsUmVmcmVzaCI6ZmFsc2UsImNhblB1bGxEb3duIjpmYWxzZSwic2hvd1RpdGxlQmFyIjpmYWxzZX19
0197,ADALAJ CIRCLE,paytmmp://mini-app?aId=77a7aa36c00e469482a6219004fde717&data=eyJwYXRoIjoiL2NpdHktYnVzL2dldFNvdXJjZURldGFpbHMiLCJwYXJhbXMiOnsibWVyY2hhbnRDaXR5S2V5IjoiYWhtZWRhYmFkX2JydHMiLCJzb3VyY2VJZCI6IjAxOTcifSwic3BhcmFtcyI6eyJwdWxsUmVmcmVzaCI6ZmFsc2UsImNhblB1bGxEb3duIjpmYWxzZSwic2hvd1RpdGxlQmFyIjpmYWxzZX19
0198,ADALAJ S.T STAND,paytmmp://mini-app?aId=77a7aa36c00e469482a6219004fde717&data=eyJwYXRoIjoiL2NpdHktYnVzL2dldFNvdXJjZURldGFpbHMiLCJwYXJhbXMiOnsibWVyY2hhbnRDaXR5S2V5IjoiYWhtZWRhYmFkX2JydHMiLCJzb3VyY2VJZCI6IjAxOTgifSwic3BhcmFtcyI6eyJwdWxsUmVmcmVzaCI6ZmFsc2UsImNhblB1bGxEb3duIjpmYWxzZSwic2hvd1RpdGxlQmFyIjpmYWxzZX19
0081,AJIT MIL CHAR RASTA,paytmmp://mini-app?aId=77a7aa36c00e469482a6219004fde717&data=eyJwYXRoIjoiL2NpdHktYnVzL2dldFNvdXJjZURldGFpbHMiLCJwYXJhbXMiOnsibWVyY2hhbnRDaXR5S2V5IjoiYWhtZWRhYmFkX2JydHMiLCJzb3VyY2VJZCI6IjAwODEifSwic3BhcmFtcyI6eyJwdWxsUmVmcmVzaCI6ZmFsc2UsImNhblB1bGxEb3duIjpmYWxzZSwic2hvd1RpdGxlQmFyIjpmYWxzZX19
0004,AKHBARNAGAR,paytmmp://mini-app?aId=77a7aa36c00e469482a6219004fde717&data=eyJwYXRoIjoiL2NpdHktYnVzL2dldFNvdXJjZURldGFpbHMiLCJwYXJhbXMiOnsibWVyY2hhbnRDaXR5S2V5IjoiYWhtZWRhYmFkX2JydHMiLCJzb3VyY2VJZCI6IjAwMDQifSwic3BhcmFtcyI6eyJwdWxsUmVmcmVzaCI6ZmFsc2UsImNhblB1bGxEb3duIjpmYWxzZSwic2hvd1RpdGxlQmFyIjpmYWxzZX19
0202,AMBA TOWNSHIP,paytmmp://mini-app?aId=77a7aa36c00e469482a6219004fde717&data=eyJwYXRoIjoiL2NpdHktYnVzL2dldFNvdXJjZURldGFpbHMiLCJwYXJhbXMiOnsibWVyY2hhbnRDaXR5S2V5IjoiYWhtZWRhYmFkX2JydHMiLCJzb3VyY2VJZCI6IjAyMDIifSwic3BhcmFtcyI6eyJwdWxsUmVmcmVzaCI6ZmFsc2UsImNhblB1bGxEb3duIjpmYWxzZSwic2hvd1RpdGxlQmFyIjpmYWxzZX19
0189,AMBAR TOWER,paytmmp://mini-app?aId=77a7aa36c00e469482a6219004fde717&data=eyJwYXRoIjoiL2NpdHktYnVzL2dldFNvdXJjZURldGFpbHMiLCJwYXJhbXMiOnsibWVyY2hhbnRDaXR5S2V5IjoiYWhtZWRhYmFkX2JydHMiLCJzb3VyY2VJZCI6IjAxODkifSwic3BhcmFtcyI6eyJwdWxsUmVmcmVzaCI6ZmFsc2UsImNhblB1bGxEb3duIjpmYWxzZSwic2hvd1RpdGxlQmFyIjpmYWxzZX19
0110,AMBLI GAM,paytmmp://mini-app?aId=77a7aa36c00e469482a6219004fde717&data=eyJwYXRoIjoiL2NpdHktYnVzL2dldFNvdXJjZURldGFpbHMiLCJwYXJhbXMiOnsibWVyY2hhbnRDaXR5S2V5IjoiYWhtZWRhYmFkX2JydHMiLCJzb3VyY2VJZCI6IjAxMTAifSwic3BhcmFtcyI6eyJwdWxsUmVmcmVzaCI6ZmFsc2UsImNhblB1bGxEb3duIjpmYWxzZSwic2hvd1RpdGxlQmFyIjpmYWxzZX19
0012,ANDHJAN MANDAL,paytmmp://mini-app?aId=77a7aa36c00e469482a6219004fde717&data=eyJwYXRoIjoiL2NpdHktYnVzL2dldFNvdXJjZURldGFpbHMiLCJwYXJhbXMiOnsibWVyY2hhbnRDaXR5S2V5IjoiYWhtZWRhYmFkX2JydHMiLCJzb3VyY2VJZCI6IjAwMTIifSwic3BhcmFtcyI6eyJwdWxsUmVmcmVzaCI6ZmFsc2UsImNhblB1bGxEb3duIjpmYWxzZSwic2hvd1RpdGxlQmFyIjpmYWxzZX19
0019,ANJALI,paytmmp://mini-app?aId=77a7aa36c00e469482a6219004fde717&data=eyJwYXRoIjoiL2NpdHktYnVzL2dldFNvdXJjZURldGFpbHMiLCJwYXJhbXMiOnsibWVyY2hhbnRDaXR5S2V5IjoiYWhtZWRhYmFkX2JydHMiLCJzb3VyY2VJZCI6IjAwMTkifSwic3BhcmFtcyI6eyJwdWxsUmVmcmVzaCI6ZmFsc2UsImNhblB1bGxEb3duIjpmYWxzZSwic2hvd1RpdGxlQmFyIjpmYWxzZX19
0106,ANTRIKSH COLONY,paytmmp://mini-app?aId=77a7aa36c00e469482a6219004fde717&data=eyJwYXRoIjoiL2NpdHktYnVzL2dldFNvdXJjZURldGFpbHMiLCJwYXJhbXMiOnsibWVyY2hhbnRDaXR5S2V5IjoiYWhtZWRhYmFkX2JydHMiLCJzb3VyY2VJZCI6IjAxMDYifSwic3BhcmFtcyI6eyJwdWxsUmVmcmVzaCI6ZmFsc2UsImNhblB1bGxEb3duIjpmYWxzZSwic2hvd1RpdGxlQmFyIjpmYWxzZX19
0126,ARVIND MIL,paytmmp://mini-app?aId=77a7aa36c00e469482a6219004fde717&data=eyJwYXRoIjoiL2NpdHktYnVzL2dldFNvdXJjZURldGFpbHMiLCJwYXJhbXMiOnsibWVyY2hhbnRDaXR5S2V5IjoiYWhtZWRhYmFkX2JydHMiLCJzb3VyY2VJZCI6IjAxMjYifSwic3BhcmFtcyI6eyJwdWxsUmVmcmVzaCI6ZmFsc2UsImNhblB1bGxEb3duIjpmYWxzZSwic2hvd1RpdGxlQmFyIjpmYWxzZX19
0124,ASHOK MIL,paytmmp://mini-app?aId=77a7aa36c00e469482a6219004fde717&data=eyJwYXRoIjoiL2NpdHktYnVzL2dldFNvdXJjZURldGFpbHMiLCJwYXJhbXMiOnsibWVyY2hhbnRDaXR5S2V5IjoiYWhtZWRhYmFkX2JydHMiLCJzb3VyY2VJZCI6IjAxMjQifSwic3BhcmFtcyI6eyJwdWxsUmVmcmVzaCI6ZmFsc2UsImNhblB1bGxEb3duIjpmYWxzZSwic2hvd1RpdGxlQmFyIjpmYWxzZX19
0159,ASHOK VATIKA,paytmmp://mini-app?aId=77a7aa36c00e469482a6219004fde717&data=eyJwYXRoIjoiL2NpdHktYnVzL2dldFNvdXJjZURldGFpbHMiLCJwYXJhbXMiOnsibWVyY2hhbnRDaXR5S2V5IjoiYWhtZWRhYmFkX2JydHMiLCJzb3VyY2VJZCI6IjAxNTkifSwic3BhcmFtcyI6eyJwdWxsUmVmcmVzaCI6ZmFsc2UsImNhblB1bGxEb3duIjpmYWxzZSwic2hvd1RpdGxlQmFyIjpmYWxzZX19
0098,ASTODIYA CHAKALA,paytmmp://mini-app?aId=77a7aa36c00e469482a6219004fde717&data=eyJwYXRoIjoiL2NpdHktYnVzL2dldFNvdXJjZURldGFpbHMiLCJwYXJhbXMiOnsibWVyY2hhbnRDaXR5S2V5IjoiYWhtZWRhYmFkX2JydHMiLCJzb3VyY2VJZCI6IjAwOTgifSwic3BhcmFtcyI6eyJwdWxsUmVmcmVzaCI6ZmFsc2UsImNhblB1bGxEb3duIjpmYWxzZSwic2hvd1RpdGxlQmFyIjpmYWxzZX19
0099,ASTODIYA DARWAJA,paytmmp://mini-app?aId=77a7aa36c00e469482a6219004fde717&data=eyJwYXRoIjoiL2NpdHktYnVzL2dldFNvdXJjZURldGFpbHMiLCJwYXJhbXMiOnsibWVyY2hhbnRDaXR5S2V5IjoiYWhtZWRhYmFkX2JydHMiLCJzb3VyY2VJZCI6IjAwOTkifSwic3BhcmFtcyI6eyJwdWxsUmVmcmVzaCI6ZmFsc2UsImNhblB1bGxEb3duIjpmYWxzZSwic2hvd1RpdGxlQmFyIjpmYWxzZX19
0054,BAPUNAGAR APPROACH,paytmmp://mini-app?aId=77a7aa36c00e469482a6219004fde717&data=eyJwYXRoIjoiL2NpdHktYnVzL2dldFNvdXJjZURldGFpbHMiLCJwYXJhbXMiOnsibWVyY2hhbnRDaXR5S2V5IjoiYWhtZWRhYmFkX2JydHMiLCJzb3VyY2VJZCI6IjAwNTQifSwic3BhcmFtcyI6eyJwdWxsUmVmcmVzaCI6ZmFsc2UsImNhblB1bGxEb3duIjpmYWxzZSwic2hvd1RpdGxlQmFyIjpmYWxzZX19
0184,BASANT BAHAR,paytmmp://mini-app?aId=77a7aa36c00e469482a6219004fde717&data=eyJwYXRoIjoiL2NpdHktYnVzL2dldFNvdXJjZURldGFpbHMiLCJwYXJhbXMiOnsibWVyY2hhbnRDaXR5S2V5IjoiYWhtZWRhYmFkX2JydHMiLCJzb3VyY2VJZCI6IjAxODQifSwic3BhcmFtcyI6eyJwdWxsUmVmcmVzaCI6ZmFsc2UsImNhblB1bGxEb3duIjpmYWxzZSwic2hvd1RpdGxlQmFyIjpmYWxzZX19
0139,BETHAK,paytmmp://mini-app?aId=77a7aa36c00e469482a6219004fde717&data=eyJwYXRoIjoiL2NpdHktYnVzL2dldFNvdXJjZURldGFpbHMiLCJwYXJhbXMiOnsibWVyY2hhbnRDaXR5S2V5IjoiYWhtZWRhYmFkX2JydHMiLCJzb3VyY2VJZCI6IjAxMzkifSwic3BhcmFtcyI6eyJwdWxsUmVmcmVzaCI6ZmFsc2UsImNhblB1bGxEb3duIjpmYWxzZSwic2hvd1RpdGxlQmFyIjpmYWxzZX19
0165,BHADAJ CIRCLE,paytmmp://mini-app?aId=77a7aa36c00e469482a6219004fde717&data=eyJwYXRoIjoiL2NpdHktYnVzL2dldFNvdXJjZURldGFpbHMiLCJwYXJhbXMiOnsibWVyY2hhbnRDaXR5S2V5IjoiYWhtZWRhYmFkX2JydHMiLCJzb3VyY2VJZCI6IjAxNjUifSwic3BhcmFtcyI6eyJwdWxsUmVmcmVzaCI6ZmFsc2UsImNhblB1bGxEb3duIjpmYWxzZSwic2hvd1RpdGxlQmFyIjpmYWxzZX19
0206,BHAGWAT BUNGALOWS,paytmmp://mini-app?aId=77a7aa36c00e469482a6219004fde717&data=eyJwYXRoIjoiL2NpdHktYnVzL2dldFNvdXJjZURldGFpbHMiLCJwYXJhbXMiOnsibWVyY2hhbnRDaXR5S2V5IjoiYWhtZWRhYmFkX2JydHMiLCJzb3VyY2VJZCI6IjAyMDYifSwic3BhcmFtcyI6eyJwdWxsUmVmcmVzaCI6ZmFsc2UsImNhblB1bGxEb3duIjpmYWxzZSwic2hvd1RpdGxlQmFyIjpmYWxzZX19
0032,BHAIRAVNATH ROAD,paytmmp://mini-app?aId=77a7aa36c00e469482a6219004fde717&data=eyJwYXRoIjoiL2NpdHktYnVzL2dldFNvdXJjZURldGFpbHMiLCJwYXJhbXMiOnsibWVyY2hhbnRDaXR5S2V5IjoiYWhtZWRhYmFkX2JydHMiLCJzb3VyY2VJZCI6IjAwMzIifSwic3BhcmFtcyI6eyJwdWxsUmVmcmVzaCI6ZmFsc2UsImNhblB1bGxEb3duIjpmYWxzZSwic2hvd1RpdGxlQmFyIjpmYWxzZX19
0003,BHAVSAR HOSTEL,paytmmp://mini-app?aId=77a7aa36c00e469482a6219004fde717&data=eyJwYXRoIjoiL2NpdHktYnVzL2dldFNvdXJjZURldGFpbHMiLCJwYXJhbXMiOnsibWVyY2hhbnRDaXR5S2V5IjoiYWhtZWRhYmFkX2JydHMiLCJzb3VyY2VJZCI6IjAwMDMifSwic3BhcmFtcyI6eyJwdWxsUmVmcmVzaCI6ZmFsc2UsImNhblB1bGxEb3duIjpmYWxzZSwic2hvd1RpdGxlQmFyIjpmYWxzZX19
0137,BHAVYA PARK,paytmmp://mini-app?aId=77a7aa36c00e469482a6219004fde717&data=eyJwYXRoIjoiL2NpdHktYnVzL2dldFNvdXJjZURldGFpbHMiLCJwYXJhbXMiOnsibWVyY2hhbnRDaXR5S2V5IjoiYWhtZWRhYmFkX2JydHMiLCJzb3VyY2VJZCI6IjAxMzcifSwic3BhcmFtcyI6eyJwdWxsUmVmcmVzaCI6ZmFsc2UsImNhblB1bGxEb3duIjpmYWxzZSwic2hvd1RpdGxlQmFyIjpmYWxzZX19
0205,BHIMNANTH MAHADEV,paytmmp://mini-app?aId=77a7aa36c00e469482a6219004fde717&data=eyJwYXRoIjoiL2NpdHktYnVzL2dldFNvdXJjZURldGFpbHMiLCJwYXJhbXMiOnsibWVyY2hhbnRDaXR5S2V5IjoiYWhtZWRhYmFkX2JydHMiLCJzb3VyY2VJZCI6IjAyMDUifSwic3BhcmFtcyI6eyJwdWxsUmVmcmVzaCI6ZmFsc2UsImNhblB1bGxEb3duIjpmYWxzZSwic2hvd1RpdGxlQmFyIjpmYWxzZX19
0132,BHULABHAI PARK,paytmmp://mini-app?aId=77a7aa36c00e469482a6219004fde717&data=eyJwYXRoIjoiL2NpdHktYnVzL2dldFNvdXJjZURldGFpbHMiLCJwYXJhbXMiOnsibWVyY2hhbnRDaXR5S2V5IjoiYWhtZWRhYmFkX2JydHMiLCJzb3VyY2VJZCI6IjAxMzIifSwic3BhcmFtcyI6eyJwdWxsUmVmcmVzaCI6ZmFsc2UsImNhblB1bGxEb3duIjpmYWxzZSwic2hvd1RpdGxlQmFyIjpmYWxzZX19
0084,BHUYANGDEV,paytmmp://mini-app?aId=77a7aa36c00e469482a6219004fde717&data=eyJwYXRoIjoiL2NpdHktYnVzL2dldFNvdXJjZURldGFpbHMiLCJwYXJhbXMiOnsibWVyY2hhbnRDaXR5S2V5IjoiYWhtZWRhYmFkX2JydHMiLCJzb3VyY2VJZCI6IjAwODQifSwic3BhcmFtcyI6eyJwdWxsUmVmcmVzaCI6ZmFsc2UsImNhblB1bGxEb3duIjpmYWxzZSwic2hvd1RpdGxlQmFyIjpmYWxzZX19
0111,BOPAL APPROACH,paytmmp://mini-app?aId=77a7aa36c00e469482a6219004fde717&data=eyJwYXRoIjoiL2NpdHktYnVzL2dldFNvdXJjZURldGFpbHMiLCJwYXJhbXMiOnsibWVyY2hhbnRDaXR5S2V5IjoiYWhtZWRhYmFkX2JydHMiLCJzb3VyY2VJZCI6IjAxMTEifSwic3BhcmFtcyI6eyJwdWxsUmVmcmVzaCI6ZmFsc2UsImNhblB1bGxEb3duIjpmYWxzZSwic2hvd1RpdGxlQmFyIjpmYWxzZX19
0156,BOPAL GAM,paytmmp://mini-app?aId=77a7aa36c00e469482a6219004fde717&data=eyJwYXRoIjoiL2NpdHktYnVzL2dldFNvdXJjZURldGFpbHMiLCJwYXJhbXMiOnsibWVyY2hhbnRDaXR5S2V5IjoiYWhtZWRhYmFkX2JydHMiLCJzb3VyY2VJZCI6IjAxNTYifSwic3BhcmFtcyI6eyJwdWxsUmVmcmVzaCI6ZmFsc2UsImNhblB1bGxEb3duIjpmYWxzZSwic2hvd1RpdGxlQmFyIjpmYWxzZX19
0037,BRTS WORKSHOP,paytmmp://mini-app?aId=77a7aa36c00e469482a6219004fde717&data=eyJwYXRoIjoiL2NpdHktYnVzL2dldFNvdXJjZURldGFpbHMiLCJwYXJhbXMiOnsibWVyY2hhbnRDaXR5S2V5IjoiYWhtZWRhYmFkX2JydHMiLCJzb3VyY2VJZCI6IjAwMzcifSwic3BhcmFtcyI6eyJwdWxsUmVmcmVzaCI6ZmFsc2UsImNhblB1bGxEb3duIjpmYWxzZSwic2hvd1RpdGxlQmFyIjpmYWxzZX19
0115,CHANDKHEDA GAM,paytmmp://mini-app?aId=77a7aa36c00e469482a6219004fde717&data=eyJwYXRoIjoiL2NpdHktYnVzL2dldFNvdXJjZURldGFpbHMiLCJwYXJhbXMiOnsibWVyY2hhbnRDaXR5S2V5IjoiYWhtZWRhYmFkX2JydHMiLCJzb3VyY2VJZCI6IjAxMTUifSwic3BhcmFtcyI6eyJwdWxsUmVmcmVzaCI6ZmFsc2UsImNhblB1bGxEb3duIjpmYWxzZSwic2hvd1RpdGxlQmFyIjpmYWxzZX19
0036,CHANDOLA LAKE,paytmmp://mini-app?aId=77a7aa36c00e469482a6219004fde717&data=eyJwYXRoIjoiL2NpdHktYnVzL2dldFNvdXJjZURldGFpbHMiLCJwYXJhbXMiOnsibWVyY2hhbnRDaXR5S2V5IjoiYWhtZWRhYmFkX2JydHMiLCJzb3VyY2VJZCI6IjAwMzYifSwic3BhcmFtcyI6eyJwdWxsUmVmcmVzaCI6ZmFsc2UsImNhblB1bGxEb3duIjpmYWxzZSwic2hvd1RpdGxlQmFyIjpmYWxzZX19
0020,CHANDRANAGAR,paytmmp://mini-app?aId=77a7aa36c00e469482a6219004fde717&data=eyJwYXRoIjoiL2NpdHktYnVzL2dldFNvdXJjZURldGFpbHMiLCJwYXJhbXMiOnsibWVyY2hhbnRDaXR5S2V5IjoiYWhtZWRhYmFkX2JydHMiLCJzb3VyY2VJZCI6IjAwMjAifSwic3BhcmFtcyI6eyJwdWxsUmVmcmVzaCI6ZmFsc2UsImNhblB1bGxEb3duIjpmYWxzZSwic2hvd1RpdGxlQmFyIjpmYWxzZX19
0035,CHHIPA SOCIETY,paytmmp://mini-app?aId=77a7aa36c00e469482a6219004fde717&data=eyJwYXRoIjoiL2NpdHktYnVzL2dldFNvdXJjZURldGFpbHMiLCJwYXJhbXMiOnsibWVyY2hhbnRDaXR5S2V5IjoiYWhtZWRhYmFkX2JydHMiLCJzb3VyY2VJZCI6IjAwMzUifSwic3BhcmFtcyI6eyJwdWxsUmVmcmVzaCI6ZmFsc2UsImNhblB1bGxEb3duIjpmYWxzZSwic2hvd1RpdGxlQmFyIjpmYWxzZX19
0076,CHHOTALAL NI CHALI,paytmmp://mini-app?aId=77a7aa36c00e469482a6219004fde717&data=eyJwYXRoIjoiL2NpdHktYnVzL2dldFNvdXJjZURldGFpbHMiLCJwYXJhbXMiOnsibWVyY2hhbnRDaXR5S2V5IjoiYWhtZWRhYmFkX2JydHMiLCJzb3VyY2VJZCI6IjAwNzYifSwic3BhcmFtcyI6eyJwdWxsUmVmcmVzaCI6ZmFsc2UsImNhblB1bGxEb3duIjpmYWxzZSwic2hvd1RpdGxlQmFyIjpmYWxzZX19
0183,CHITTAVAN,paytmmp://mini-app?aId=77a7aa36c00e469482a6219004fde717&data=eyJwYXRoIjoiL2NpdHktYnVzL2dldFNvdXJjZURldGFpbHMiLCJwYXJhbXMiOnsibWVyY2hhbnRDaXR5S2V5IjoiYWhtZWRhYmFkX2JydHMiLCJzb3VyY2VJZCI6IjAxODMifSwic3BhcmFtcyI6eyJwdWxsUmVmcmVzaCI6ZmFsc2UsImNhblB1bGxEb3duIjpmYWxzZSwic2hvd1RpdGxlQmFyIjpmYWxzZX19
0045,CTM CROSS ROAD,paytmmp://mini-app?aId=77a7aa36c00e469482a6219004fde717&data=eyJwYXRoIjoiL2NpdHktYnVzL2dldFNvdXJjZURldGFpbHMiLCJwYXJhbXMiOnsibWVyY2hhbnRDaXR5S2V5IjoiYWhtZWRhYmFkX2JydHMiLCJzb3VyY2VJZCI6IjAwNDUifSwic3BhcmFtcyI6eyJwdWxsUmVmcmVzaCI6ZmFsc2UsImNhblB1bGxEb3duIjpmYWxzZSwic2hvd1RpdGxlQmFyIjpmYWxzZX19
0022,DANILIMDA CHAR RASTA,paytmmp://mini-app?aId=77a7aa36c00e469482a6219004fde717&data=eyJwYXRoIjoiL2NpdHktYnVzL2dldFNvdXJjZURldGFpbHMiLCJwYXJhbXMiOnsibWVyY2hhbnRDaXR5S2V5IjoiYWhtZWRhYmFkX2JydHMiLCJzb3VyY2VJZCI6IjAwMjIifSwic3BhcmFtcyI6eyJwdWxsUmVmcmVzaCI6ZmFsc2UsImNhblB1bGxEb3duIjpmYWxzZSwic2hvd1RpdGxlQmFyIjpmYWxzZX19
0034,DANILIMDA ROAD,paytmmp://mini-app?aId=77a7aa36c00e469482a6219004fde717&data=eyJwYXRoIjoiL2NpdHktYnVzL2dldFNvdXJjZURldGFpbHMiLCJwYXJhbXMiOnsibWVyY2hhbnRDaXR5S2V5IjoiYWhtZWRhYmFkX2JydHMiLCJzb3VyY2VJZCI6IjAwMzQifSwic3BhcmFtcyI6eyJwdWxsUmVmcmVzaCI6ZmFsc2UsImNhblB1bGxEb3duIjpmYWxzZSwic2hvd1RpdGxlQmFyIjpmYWxzZX19
0130,DCIS CIRCLE,paytmmp://mini-app?aId=77a7aa36c00e469482a6219004fde717&data=eyJwYXRoIjoiL2NpdHktYnVzL2dldFNvdXJjZURldGFpbHMiLCJwYXJhbXMiOnsibWVyY2hhbnRDaXR5S2V5IjoiYWhtZWRhYmFkX2JydHMiLCJzb3VyY2VJZCI6IjAxMzAifSwic3BhcmFtcyI6eyJwdWxsUmVmcmVzaCI6ZmFsc2UsImNhblB1bGxEb3duIjpmYWxzZSwic2hvd1RpdGxlQmFyIjpmYWxzZX19
0158,DELHI DARWAJA,paytmmp://mini-app?aId=77a7aa36c00e469482a6219004fde717&data=eyJwYXRoIjoiL2NpdHktYnVzL2dldFNvdXJjZURldGFpbHMiLCJwYXJhbXMiOnsibWVyY2hhbnRDaXR5S2V5IjoiYWhtZWRhYmFkX2JydHMiLCJzb3VyY2VJZCI6IjAxNTgifSwic3BhcmFtcyI6eyJwdWxsUmVmcmVzaCI6ZmFsc2UsImNhblB1bGxEb3duIjpmYWxzZSwic2hvd1RpdGxlQmFyIjpmYWxzZX19
0060,DHANUSH DHARI MANDIR,paytmmp://mini-app?aId=77a7aa36c00e469482a6219004fde717&data=eyJwYXRoIjoiL2NpdHktYnVzL2dldFNvdXJjZURldGFpbHMiLCJwYXJhbXMiOnsibWVyY2hhbnRDaXR5S2V5IjoiYWhtZWRhYmFkX2JydHMiLCJzb3VyY2VJZCI6IjAwNjAifSwic3BhcmFtcyI6eyJwdWxsUmVmcmVzaCI6ZmFsc2UsImNhblB1bGxEb3duIjpmYWxzZSwic2hvd1RpdGxlQmFyIjpmYWxzZX19
0018,DHARNIDHAR DERASAR,paytmmp://mini-app?aId=77a7aa36c00e469482a6219004fde717&data=eyJwYXRoIjoiL2NpdHktYnVzL2dldFNvdXJjZURldGFpbHMiLCJwYXJhbXMiOnsibWVyY2hhbnRDaXR5S2V5IjoiYWhtZWRhYmFkX2JydHMiLCJzb3VyY2VJZCI6IjAwMTgifSwic3BhcmFtcyI6eyJwdWxsUmVmcmVzaCI6ZmFsc2UsImNhblB1bGxEb3duIjpmYWxzZSwic2hvd1RpdGxlQmFyIjpmYWxzZX19
0044,EXPRESS HIGHWAY JUNCTION,paytmmp://mini-app?aId=77a7aa36c00e469482a6219004fde717&data=eyJwYXRoIjoiL2NpdHktYnVzL2dldFNvdXJjZURldGFpbHMiLCJwYXJhbXMiOnsibWVyY2hhbnRDaXR5S2V5IjoiYWhtZWRhYmFkX2JydHMiLCJzb3VyY2VJZCI6IjAwNDQifSwic3BhcmFtcyI6eyJwdWxsUmVmcmVzaCI6ZmFsc2UsImNhblB1bGxEb3duIjpmYWxzZSwic2hvd1RpdGxlQmFyIjpmYWxzZX19
0194,G. E. B (NARODA),paytmmp://mini-app?aId=77a7aa36c00e469482a6219004fde717&data=eyJwYXRoIjoiL2NpdHktYnVzL2dldFNvdXJjZURldGFpbHMiLCJwYXJhbXMiOnsibWVyY2hhbnRDaXR5S2V5IjoiYWhtZWRhYmFkX2JydHMiLCJzb3VyY2VJZCI6IjAxOTQifSwic3BhcmFtcyI6eyJwdWxsUmVmcmVzaCI6ZmFsc2UsImNhblB1bGxEb3duIjpmYWxzZSwic2hvd1RpdGxlQmFyIjpmYWxzZX19
0127,G.C.S HOSPITAL,paytmmp://mini-app?aId=77a7aa36c00e469482a6219004fde717&data=eyJwYXRoIjoiL2NpdHktYnVzL2dldFNvdXJjZURldGFpbHMiLCJwYXJhbXMiOnsibWVyY2hhbnRDaXR5S2V5IjoiYWhtZWRhYmFkX2JydHMiLCJzb3VyY2VJZCI6IjAxMjcifSwic3BhcmFtcyI6eyJwdWxsUmVmcmVzaCI6ZmFsc2UsImNhblB1bGxEb3duIjpmYWxzZSwic2hvd1RpdGxlQmFyIjpmYWxzZX19
0163,GALAXY SIGNATURE,paytmmp://mini-app?aId=77a7aa36c00e469482a6219004fde717&data=eyJwYXRoIjoiL2NpdHktYnVzL2dldFNvdXJjZURldGFpbHMiLCJwYXJhbXMiOnsibWVyY2hhbnRDaXR5S2V5IjoiYWhtZWRhYmFkX2JydHMiLCJzb3VyY2VJZCI6IjAxNjMifSwic3BhcmFtcyI6eyJwdWxsUmVmcmVzaCI6ZmFsc2UsImNhblB1bGxEb3duIjpmYWxzZSwic2hvd1RpdGxlQmFyIjpmYWxzZX19
0201,GAYATRI MANDIR,paytmmp://mini-app?aId=77a7aa36c00e469482a6219004fde717&data=eyJwYXRoIjoiL2NpdHktYnVzL2dldFNvdXJjZURldGFpbHMiLCJwYXJhbXMiOnsibWVyY2hhbnRDaXR5S2V5IjoiYWhtZWRhYmFkX2JydHMiLCJzb3VyY2VJZCI6IjAyMDEifSwic3BhcmFtcyI6eyJwdWxsUmVmcmVzaCI6ZmFsc2UsImNhblB1bGxEb3duIjpmYWxzZSwic2hvd1RpdGxlQmFyIjpmYWxzZX19
0051,GEETA GAURI CINEMA,paytmmp://mini-app?aId=77a7aa36c00e469482a6219004fde717&data=eyJwYXRoIjoiL2NpdHktYnVzL2dldFNvdXJjZURldGFpbHMiLCJwYXJhbXMiOnsibWVyY2hhbnRDaXR5S2V5IjoiYWhtZWRhYmFkX2JydHMiLCJzb3VyY2VJZCI6IjAwNTEifSwic3BhcmFtcyI6eyJwdWxsUmVmcmVzaCI6ZmFsc2UsImNhblB1bGxEb3duIjpmYWxzZSwic2hvd1RpdGxlQmFyIjpmYWxzZX19
0131,GEETA MANDIR,paytmmp://mini-app?aId=77a7aa36c00e469482a6219004fde717&data=eyJwYXRoIjoiL2NpdHktYnVzL2dldFNvdXJjZURldGFpbHMiLCJwYXJhbXMiOnsibWVyY2hhbnRDaXR5S2V5IjoiYWhtZWRhYmFkX2JydHMiLCJzb3VyY2VJZCI6IjAxMzEifSwic3BhcmFtcyI6eyJwdWxsUmVmcmVzaCI6ZmFsc2UsImNhblB1bGxEb3duIjpmYWxzZSwic2hvd1RpdGxlQmFyIjpmYWxzZX19
0042,GHODASAR,paytmmp://mini-app?aId=77a7aa36c00e469482a6219004fde717&data=eyJwYXRoIjoiL2NpdHktYnVzL2dldFNvdXJjZURldGFpbHMiLCJwYXJhbXMiOnsibWVyY2hhbnRDaXR5S2V5IjoiYWhtZWRhYmFkX2JydHMiLCJzb3VyY2VJZCI6IjAwNDIifSwic3BhcmFtcyI6eyJwdWxsUmVmcmVzaCI6ZmFsc2UsImNhblB1bGxEb3duIjpmYWxzZSwic2hvd1RpdGxlQmFyIjpmYWxzZX19
0138,GHUMA GAM,paytmmp://mini-app?aId=77a7aa36c00e469482a6219004fde717&data=eyJwYXRoIjoiL2NpdHktYnVzL2dldFNvdXJjZURldGFpbHMiLCJwYXJhbXMiOnsibWVyY2hhbnRDaXR5S2V5IjoiYWhtZWRhYmFkX2JydHMiLCJzb3VyY2VJZCI6IjAxMzgifSwic3BhcmFtcyI6eyJwdWxsUmVmcmVzaCI6ZmFsc2UsImNhblB1bGxEb3duIjpmYWxzZSwic2hvd1RpdGxlQmFyIjpmYWxzZX19
0161,GOTA CROSS ROAD,paytmmp://mini-app?aId=77a7aa36c00e469482a6219004fde717&data=eyJwYXRoIjoiL2NpdHktYnVzL2dldFNvdXJjZURldGFpbHMiLCJwYXJhbXMiOnsibWVyY2hhbnRDaXR5S2V5IjoiYWhtZWRhYmFkX2JydHMiLCJzb3VyY2VJZCI6IjAxNjEifSwic3BhcmFtcyI6eyJwdWxsUmVmcmVzaCI6ZmFsc2UsImNhblB1bGxEb3duIjpmYWxzZSwic2hvd1RpdGxlQmFyIjpmYWxzZX19
0168,GOTA VASANT NAGAR TOWNSHIP,paytmmp://mini-app?aId=77a7aa36c00e469482a6219004fde717&data=eyJwYXRoIjoiL2NpdHktYnVzL2dldFNvdXJjZURldGFpbHMiLCJwYXJhbXMiOnsibWVyY2hhbnRDaXR5S2V5IjoiYWhtZWRhYmFkX2JydHMiLCJzb3VyY2VJZCI6IjAxNjgifSwic3BhcmFtcyI6eyJwdWxsUmVmcmVzaCI6ZmFsc2UsImNhblB1bGxEb3duIjpmYWxzZSwic2hvd1RpdGxlQmFyIjpmYWxzZX19
0073,GRID STATION,paytmmp://mini-app?aId=77a7aa36c00e469482a6219004fde717&data=eyJwYXRoIjoiL2NpdHktYnVzL2dldFNvdXJjZURldGFpbHMiLCJwYXJhbXMiOnsibWVyY2hhbnRDaXR5S2V5IjoiYWhtZWRhYmFkX2JydHMiLCJzb3VyY2VJZCI6IjAwNzMifSwic3BhcmFtcyI6eyJwdWxsUmVmcmVzaCI6ZmFsc2UsImNhblB1bGxEb3duIjpmYWxzZSwic2hvd1RpdGxlQmFyIjpmYWxzZX19
0160,GUJARAT HIGH COURT,paytmmp://mini-app?aId=77a7aa36c00e469482a6219004fde717&data=eyJwYXRoIjoiL2NpdHktYnVzL2dldFNvdXJjZURldGFpbHMiLCJwYXJhbXMiOnsibWVyY2hhbnRDaXR5S2V5IjoiYWhtZWRhYmFkX2JydHMiLCJzb3VyY2VJZCI6IjAxNjAifSwic3BhcmFtcyI6eyJwdWxsUmVmcmVzaCI6ZmFsc2UsImNhblB1bGxEb3duIjpmYWxzZSwic2hvd1RpdGxlQmFyIjpmYWxzZX19
0119,GULBAI TEKRA APPROACH,paytmmp://mini-app?aId=77a7aa36c00e469482a6219004fde717&data=eyJwYXRoIjoiL2NpdHktYnVzL2dldFNvdXJjZURldGFpbHMiLCJwYXJhbXMiOnsibWVyY2hhbnRDaXR5S2V5IjoiYWhtZWRhYmFkX2JydHMiLCJzb3VyY2VJZCI6IjAxMTkifSwic3BhcmFtcyI6eyJwdWxsUmVmcmVzaCI6ZmFsc2UsImNhblB1bGxEb3duIjpmYWxzZSwic2hvd1RpdGxlQmFyIjpmYWxzZX19
0065,GURUDWARA,paytmmp://mini-app?aId=77a7aa36c00e469482a6219004fde717&data=eyJwYXRoIjoiL2NpdHktYnVzL2dldFNvdXJjZURldGFpbHMiLCJwYXJhbXMiOnsibWVyY2hhbnRDaXR5S2V5IjoiYWhtZWRhYmFkX2JydHMiLCJzb3VyY2VJZCI6IjAwNjUifSwic3BhcmFtcyI6eyJwdWxsUmVmcmVzaCI6ZmFsc2UsImNhblB1bGxEb3duIjpmYWxzZSwic2hvd1RpdGxlQmFyIjpmYWxzZX19
0195,HANSPURA GAM,paytmmp://mini-app?aId=77a7aa36c00e469482a6219004fde717&data=eyJwYXRoIjoiL2NpdHktYnVzL2dldFNvdXJjZURldGFpbHMiLCJwYXJhbXMiOnsibWVyY2hhbnRDaXR5S2V5IjoiYWhtZWRhYmFkX2JydHMiLCJzb3VyY2VJZCI6IjAxOTUifSwic3BhcmFtcyI6eyJwdWxsUmVmcmVzaCI6ZmFsc2UsImNhblB1bGxEb3duIjpmYWxzZSwic2hvd1RpdGxlQmFyIjpmYWxzZX19
0181,HANSPURA RING ROAD,paytmmp://mini-app?aId=77a7aa36c00e469482a6219004fde717&data=eyJwYXRoIjoiL2NpdHktYnVzL2dldFNvdXJjZURldGFpbHMiLCJwYXJhbXMiOnsibWVyY2hhbnRDaXR5S2V5IjoiYWhtZWRhYmFkX2JydHMiLCJzb3VyY2VJZCI6IjAxODEifSwic3BhcmFtcyI6eyJwdWxsUmVmcmVzaCI6ZmFsc2UsImNhblB1bGxEb3duIjpmYWxzZSwic2hvd1RpdGxlQmFyIjpmYWxzZX19
0191,HANUMAN CAMP,paytmmp://mini-app?aId=77a7aa36c00e469482a6219004fde717&data=eyJwYXRoIjoiL2NpdHktYnVzL2dldFNvdXJjZURldGFpbHMiLCJwYXJhbXMiOnsibWVyY2hhbnRDaXR5S2V5IjoiYWhtZWRhYmFkX2JydHMiLCJzb3VyY2VJZCI6IjAxOTEifSwic3BhcmFtcyI6eyJwdWxsUmVmcmVzaCI6ZmFsc2UsImNhblB1bGxEb3duIjpmYWxzZSwic2hvd1RpdGxlQmFyIjpmYWxzZX19
0066,HANUMANPURA,paytmmp://mini-app?aId=77a7aa36c00e469482a6219004fde717&data=eyJwYXRoIjoiL2NpdHktYnVzL2dldFNvdXJjZURldGFpbHMiLCJwYXJhbXMiOnsibWVyY2hhbnRDaXR5S2V5IjoiYWhtZWRhYmFkX2JydHMiLCJzb3VyY2VJZCI6IjAwNjYifSwic3BhcmFtcyI6eyJwdWxsUmVmcmVzaCI6ZmFsc2UsImNhblB1bGxEb3duIjpmYWxzZSwic2hvd1RpdGxlQmFyIjpmYWxzZX19
0178,HARIDARSHAN CHAR RASTA,paytmmp://mini-app?aId=77a7aa36c00e469482a6219004fde717&data=eyJwYXRoIjoiL2NpdHktYnVzL2dldFNvdXJjZURldGFpbHMiLCJwYXJhbXMiOnsibWVyY2hhbnRDaXR5S2V5IjoiYWhtZWRhYmFkX2JydHMiLCJzb3VyY2VJZCI6IjAxNzgifSwic3BhcmFtcyI6eyJwdWxsUmVmcmVzaCI6ZmFsc2UsImNhblB1bGxEb3duIjpmYWxzZSwic2hvd1RpdGxlQmFyIjpmYWxzZX19
0013,HIMMATLAL PARK,paytmmp://mini-app?aId=77a7aa36c00e469482a6219004fde717&data=eyJwYXRoIjoiL2NpdHktYnVzL2dldFNvdXJjZURldGFpbHMiLCJwYXJhbXMiOnsibWVyY2hhbnRDaXR5S2V5IjoiYWhtZWRhYmFkX2JydHMiLCJzb3VyY2VJZCI6IjAwMTMifSwic3BhcmFtcyI6eyJwdWxsUmVmcmVzaCI6ZmFsc2UsImNhblB1bGxEb3duIjpmYWxzZSwic2hvd1RpdGxlQmFyIjpmYWxzZX19
0057,HIRAWADI,paytmmp://mini-app?aId=77a7aa36c00e469482a6219004fde717&data=eyJwYXRoIjoiL2NpdHktYnVzL2dldFNvdXJjZURldGFpbHMiLCJwYXJhbXMiOnsibWVyY2hhbnRDaXR5S2V5IjoiYWhtZWRhYmFkX2JydHMiLCJzb3VyY2VJZCI6IjAwNTcifSwic3BhcmFtcyI6eyJwdWxsUmVmcmVzaCI6ZmFsc2UsImNhblB1bGxEb3duIjpmYWxzZSwic2hvd1RpdGxlQmFyIjpmYWxzZX19
0041,ISANPUR,paytmmp://mini-app?aId=77a7aa36c00e469482a6219004fde717&data=eyJwYXRoIjoiL2NpdHktYnVzL2dldFNvdXJjZURldGFpbHMiLCJwYXJhbXMiOnsibWVyY2hhbnRDaXR5S2V5IjoiYWhtZWRhYmFkX2JydHMiLCJzb3VyY2VJZCI6IjAwNDEifSwic3BhcmFtcyI6eyJwdWxsUmVmcmVzaCI6ZmFsc2UsImNhblB1bGxEb3duIjpmYWxzZSwic2hvd1RpdGxlQmFyIjpmYWxzZX19
0072,ISKCON CROSS ROAD,paytmmp://mini-app?aId=77a7aa36c00e469482a6219004fde717&data=eyJwYXRoIjoiL2NpdHktYnVzL2dldFNvdXJjZURldGFpbHMiLCJwYXJhbXMiOnsibWVyY2hhbnRDaXR5S2V5IjoiYWhtZWRhYmFkX2JydHMiLCJzb3VyY2VJZCI6IjAwNzIifSwic3BhcmFtcyI6eyJwdWxsUmVmcmVzaCI6ZmFsc2UsImNhblB1bGxEb3duIjpmYWxzZSwic2hvd1RpdGxlQmFyIjpmYWxzZX19
0105,ISKCON MANDIR,paytmmp://mini-app?aId=77a7aa36c00e469482a6219004fde717&data=eyJwYXRoIjoiL2NpdHktYnVzL2dldFNvdXJjZURldGFpbHMiLCJwYXJhbXMiOnsibWVyY2hhbnRDaXR5S2V5IjoiYWhtZWRhYmFkX2JydHMiLCJzb3VyY2VJZCI6IjAxMDUifSwic3BhcmFtcyI6eyJwdWxsUmVmcmVzaCI6ZmFsc2UsImNhblB1bGxEb3duIjpmYWxzZSwic2hvd1RpdGxlQmFyIjpmYWxzZX19
0070,ISRO,paytmmp://mini-app?aId=77a7aa36c00e469482a6219004fde717&data=eyJwYXRoIjoiL2NpdHktYnVzL2dldFNvdXJjZURldGFpbHMiLCJwYXJhbXMiOnsibWVyY2hhbnRDaXR5S2V5IjoiYWhtZWRhYmFkX2JydHMiLCJzb3VyY2VJZCI6IjAwNzAifSwic3BhcmFtcyI6eyJwdWxsUmVmcmVzaCI6ZmFsc2UsImNhblB1bGxEb3duIjpmYWxzZSwic2hvd1RpdGxlQmFyIjpmYWxzZX19
0007,JAIMANGAL,paytmmp://mini-app?aId=77a7aa36c00e469482a6219004fde717&data=eyJwYXRoIjoiL2NpdHktYnVzL2dldFNvdXJjZURldGFpbHMiLCJwYXJhbXMiOnsibWVyY2hhbnRDaXR5S2V5IjoiYWhtZWRhYmFkX2JydHMiLCJzb3VyY2VJZCI6IjAwMDcifSwic3BhcmFtcyI6eyJwdWxsUmVmcmVzaCI6ZmFsc2UsImNhblB1bGxEb3duIjpmYWxzZSwic2hvd1RpdGxlQmFyIjpmYWxzZX19
0113,JANTANAGAR,paytmmp://mini-app?aId=77a7aa36c00e469482a6219004fde717&data=eyJwYXRoIjoiL2NpdHktYnVzL2dldFNvdXJjZURldGFpbHMiLCJwYXJhbXMiOnsibWVyY2hhbnRDaXR5S2V5IjoiYWhtZWRhYmFkX2JydHMiLCJzb3VyY2VJZCI6IjAxMTMifSwic3BhcmFtcyI6eyJwdWxsUmVmcmVzaCI6ZmFsc2UsImNhblB1bGxEb3duIjpmYWxzZSwic2hvd1RpdGxlQmFyIjpmYWxzZX19
0043,JASHODANAGAR CHAR RASTA,paytmmp://mini-app?aId=77a7aa36c00e469482a6219004fde717&data=eyJwYXRoIjoiL2NpdHktYnVzL2dldFNvdXJjZURldGFpbHMiLCJwYXJhbXMiOnsibWVyY2hhbnRDaXR5S2V5IjoiYWhtZWRhYmFkX2JydHMiLCJzb3VyY2VJZCI6IjAwNDMifSwic3BhcmFtcyI6eyJwdWxsUmVmcmVzaCI6ZmFsc2UsImNhblB1bGxEb3duIjpmYWxzZSwic2hvd1RpdGxlQmFyIjpmYWxzZX19
0031,JAWAHAR CHOWK,paytmmp://mini-app?aId=77a7aa36c00e469482a6219004fde717&data=eyJwYXRoIjoiL2NpdHktYnVzL2dldFNvdXJjZURldGFpbHMiLCJwYXJhbXMiOnsibWVyY2hhbnRDaXR5S2V5IjoiYWhtZWRhYmFkX2JydHMiLCJzb3VyY2VJZCI6IjAwMzEifSwic3BhcmFtcyI6eyJwdWxsUmVmcmVzaCI6ZmFsc2UsImNhblB1bGxEb3duIjpmYWxzZSwic2hvd1RpdGxlQmFyIjpmYWxzZX19
0108,JAYANTILAL PARK,paytmmp://mini-app?aId=77a7aa36c00e469482a6219004fde717&data=eyJwYXRoIjoiL2NpdHktYnVzL2dldFNvdXJjZURldGFpbHMiLCJwYXJhbXMiOnsibWVyY2hhbnRDaXR5S2V5IjoiYWhtZWRhYmFkX2JydHMiLCJzb3VyY2VJZCI6IjAxMDgifSwic3BhcmFtcyI6eyJwdWxsUmVmcmVzaCI6ZmFsc2UsImNhblB1bGxEb3duIjpmYWxzZSwic2hvd1RpdGxlQmFyIjpmYWxzZX19
0125,JEENING PRESS,paytmmp://mini-app?aId=77a7aa36c00e469482a6219004fde717&data=eyJwYXRoIjoiL2NpdHktYnVzL2dldFNvdXJjZURldGFpbHMiLCJwYXJhbXMiOnsibWVyY2hhbnRDaXR5S2V5IjoiYWhtZWRhYmFkX2JydHMiLCJzb3VyY2VJZCI6IjAxMjUifSwic3BhcmFtcyI6eyJwdWxsUmVmcmVzaCI6ZmFsc2UsImNhblB1bGxEb3duIjpmYWxzZSwic2hvd1RpdGxlQmFyIjpmYWxzZX19
0015,JHANSI KI RANI,paytmmp://mini-app?aId=77a7aa36c00e469482a6219004fde717&data=eyJwYXRoIjoiL2NpdHktYnVzL2dldFNvdXJjZURldGFpbHMiLCJwYXJhbXMiOnsibWVyY2hhbnRDaXR5S2V5IjoiYWhtZWRhYmFkX2JydHMiLCJzb3VyY2VJZCI6IjAwMTUifSwic3BhcmFtcyI6eyJwdWxsUmVmcmVzaCI6ZmFsc2UsImNhblB1bGxEb3duIjpmYWxzZSwic2hvd1RpdGxlQmFyIjpmYWxzZX19
0068,JODHPUR CHAR RASTA,paytmmp://mini-app?aId=77a7aa36c00e469482a6219004fde717&data=eyJwYXRoIjoiL2NpdHktYnVzL2dldFNvdXJjZURldGFpbHMiLCJwYXJhbXMiOnsibWVyY2hhbnRDaXR5S2V5IjoiYWhtZWRhYmFkX2JydHMiLCJzb3VyY2VJZCI6IjAwNjgifSwic3BhcmFtcyI6eyJwdWxsUmVmcmVzaCI6ZmFsc2UsImNhblB1bGxEb3duIjpmYWxzZSwic2hvd1RpdGxlQmFyIjpmYWxzZX19
0047,JOGESHWARI SOCIETY,paytmmp://mini-app?aId=77a7aa36c00e469482a6219004fde717&data=eyJwYXRoIjoiL2NpdHktYnVzL2dldFNvdXJjZURldGFpbHMiLCJwYXJhbXMiOnsibWVyY2hhbnRDaXR5S2V5IjoiYWhtZWRhYmFkX2JydHMiLCJzb3VyY2VJZCI6IjAwNDcifSwic3BhcmFtcyI6eyJwdWxsUmVmcmVzaCI6ZmFsc2UsImNhblB1bGxEb3duIjpmYWxzZSwic2hvd1RpdGxlQmFyIjpmYWxzZX19
0187,JUHAPURA ROAD,paytmmp://mini-app?aId=77a7aa36c00e469482a6219004fde717&data=eyJwYXRoIjoiL2NpdHktYnVzL2dldFNvdXJjZURldGFpbHMiLCJwYXJhbXMiOnsibWVyY2hhbnRDaXR5S2V5IjoiYWhtZWRhYmFkX2JydHMiLCJzb3VyY2VJZCI6IjAxODcifSwic3BhcmFtcyI6eyJwdWxsUmVmcmVzaCI6ZmFsc2UsImNhblB1bGxEb3duIjpmYWxzZSwic2hvd1RpdGxlQmFyIjpmYWxzZX19
0064,JUNA VADAJ,paytmmp://mini-app?aId=77a7aa36c00e469482a6219004fde717&data=eyJwYXRoIjoiL2NpdHktYnVzL2dldFNvdXJjZURldGFpbHMiLCJwYXJhbXMiOnsibWVyY2hhbnRDaXR5S2V5IjoiYWhtZWRhYmFkX2JydHMiLCJzb3VyY2VJZCI6IjAwNjQifSwic3BhcmFtcyI6eyJwdWxsUmVmcmVzaCI6ZmFsc2UsImNhblB1bGxEb3duIjpmYWxzZSwic2hvd1RpdGxlQmFyIjpmYWxzZX19
0196,KALPATARU PARK,paytmmp://mini-app?aId=77a7aa36c00e469482a6219004fde717&data=eyJwYXRoIjoiL2NpdHktYnVzL2dldFNvdXJjZURldGFpbHMiLCJwYXJhbXMiOnsibWVyY2hhbnRDaXR5S2V5IjoiYWhtZWRhYmFkX2JydHMiLCJzb3VyY2VJZCI6IjAxOTYifSwic3BhcmFtcyI6eyJwdWxsUmVmcmVzaCI6ZmFsc2UsImNhblB1bGxEb3duIjpmYWxzZSwic2hvd1RpdGxlQmFyIjpmYWxzZX19
0103,KALUPUR,paytmmp://mini-app?aId=77a7aa36c00e469482a6219004fde717&data=eyJwYXRoIjoiL2NpdHktYnVzL2dldFNvdXJjZURldGFpbHMiLCJwYXJhbXMiOnsibWVyY2hhbnRDaXR5S2V5IjoiYWhtZWRhYmFkX2JydHMiLCJzb3VyY2VJZCI6IjAxMDMifSwic3BhcmFtcyI6eyJwdWxsUmVmcmVzaCI6ZmFsc2UsImNhblB1bGxEb3duIjpmYWxzZSwic2hvd1RpdGxlQmFyIjpmYWxzZX19
0147,KALUPUR GHEE BAZAR,paytmmp://mini-app?aId=77a7aa36c00e469482a6219004fde717&data=eyJwYXRoIjoiL2NpdHktYnVzL2dldFNvdXJjZURldGFpbHMiLCJwYXJhbXMiOnsibWVyY2hhbnRDaXR5S2V5IjoiYWhtZWRhYmFkX2JydHMiLCJzb3VyY2VJZCI6IjAxNDcifSwic3BhcmFtcyI6eyJwdWxsUmVmcmVzaCI6ZmFsc2UsImNhblB1bGxEb3duIjpmYWxzZSwic2hvd1RpdGxlQmFyIjpmYWxzZX19
0026,KANKARIYA LAKE SHUKLA DADA CHOWK,paytmmp://mini-app?aId=77a7aa36c00e469482a6219004fde717&data=eyJwYXRoIjoiL2NpdHktYnVzL2dldFNvdXJjZURldGFpbHMiLCJwYXJhbXMiOnsibWVyY2hhbnRDaXR5S2V5IjoiYWhtZWRhYmFkX2JydHMiLCJzb3VyY2VJZCI6IjAwMjYifSwic3BhcmFtcyI6eyJwdWxsUmVmcmVzaCI6ZmFsc2UsImNhblB1bGxEb3duIjpmYWxzZSwic2hvd1RpdGxlQmFyIjpmYWxzZX19
0025,KANKARIYA TELEPHONE EXCHANGE,paytmmp://mini-app?aId=77a7aa36c00e469482a6219004fde717&data=eyJwYXRoIjoiL2NpdHktYnVzL2dldFNvdXJjZURldGFpbHMiLCJwYXJhbXMiOnsibWVyY2hhbnRDaXR5S2V5IjoiYWhtZWRhYmFkX2JydHMiLCJzb3VyY2VJZCI6IjAwMjUifSwic3BhcmFtcyI6eyJwdWxsUmVmcmVzaCI6ZmFsc2UsImNhblB1bGxEb3duIjpmYWxzZSwic2hvd1RpdGxlQmFyIjpmYWxzZX19
0101,KARNAMUKTESHWAR MAHADEV,paytmmp://mini-app?aId=77a7aa36c00e469482a6219004fde717&data=eyJwYXRoIjoiL2NpdHktYnVzL2dldFNvdXJjZURldGFpbHMiLCJwYXJhbXMiOnsibWVyY2hhbnRDaXR5S2V5IjoiYWhtZWRhYmFkX2JydHMiLCJzb3VyY2VJZCI6IjAxMDEifSwic3BhcmFtcyI6eyJwdWxsUmVmcmVzaCI6ZmFsc2UsImNhblB1bGxEb3duIjpmYWxzZSwic2hvd1RpdGxlQmFyIjpmYWxzZX19
0169,KARNAVATI CLUB,paytmmp://mini-app?aId=77a7aa36c00e469482a6219004fde717&data=eyJwYXRoIjoiL2NpdHktYnVzL2dldFNvdXJjZURldGFpbHMiLCJwYXJhbXMiOnsibWVyY2hhbnRDaXR5S2V5IjoiYWhtZWRhYmFkX2JydHMiLCJzb3VyY2VJZCI6IjAxNjkifSwic3BhcmFtcyI6eyJwdWxsUmVmcmVzaCI6ZmFsc2UsImNhblB1bGxEb3duIjpmYWxzZSwic2hvd1RpdGxlQmFyIjpmYWxzZX19
0038,KASHIRAM TEXTILES,paytmmp://mini-app?aId=77a7aa36c00e469482a6219004fde717&data=eyJwYXRoIjoiL2NpdHktYnVzL2dldFNvdXJjZURldGFpbHMiLCJwYXJhbXMiOnsibWVyY2hhbnRDaXR5S2V5IjoiYWhtZWRhYmFkX2JydHMiLCJzb3VyY2VJZCI6IjAwMzgifSwic3BhcmFtcyI6eyJwdWxsUmVmcmVzaCI6ZmFsc2UsImNhblB1bGxEb3duIjpmYWxzZSwic2hvd1RpdGxlQmFyIjpmYWxzZX19
0021,KHODIYARNAGAR,paytmmp://mini-app?aId=77a7aa36c00e469482a6219004fde717&data=eyJwYXRoIjoiL2NpdHktYnVzL2dldFNvdXJjZURldGFpbHMiLCJwYXJhbXMiOnsibWVyY2hhbnRDaXR5S2V5IjoiYWhtZWRhYmFkX2JydHMiLCJzb3VyY2VJZCI6IjAwMjEifSwic3BhcmFtcyI6eyJwdWxsUmVmcmVzaCI6ZmFsc2UsImNhblB1bGxEb3duIjpmYWxzZSwic2hvd1RpdGxlQmFyIjpmYWxzZX19
0188,KHURSHIRD PARK,paytmmp://mini-app?aId=77a7aa36c00e469482a6219004fde717&data=eyJwYXRoIjoiL2NpdHktYnVzL2dldFNvdXJjZURldGFpbHMiLCJwYXJhbXMiOnsibWVyY2hhbnRDaXR5S2V5IjoiYWhtZWRhYmFkX2JydHMiLCJzb3VyY2VJZCI6IjAxODgifSwic3BhcmFtcyI6eyJwdWxsUmVmcmVzaCI6ZmFsc2UsImNhblB1bGxEb3duIjpmYWxzZSwic2hvd1RpdGxlQmFyIjpmYWxzZX19
0059,KRISHNA NAGAR,paytmmp://mini-app?aId=77a7aa36c00e469482a6219004fde717&data=eyJwYXRoIjoiL2NpdHktYnVzL2dldFNvdXJjZURldGFpbHMiLCJwYXJhbXMiOnsibWVyY2hhbnRDaXR5S2V5IjoiYWhtZWRhYmFkX2JydHMiLCJzb3VyY2VJZCI6IjAwNTkifSwic3BhcmFtcyI6eyJwdWxsUmVmcmVzaCI6ZmFsc2UsImNhblB1bGxEb3duIjpmYWxzZSwic2hvd1RpdGxlQmFyIjpmYWxzZX19
0117,L COLONY,paytmmp://mini-app?aId=77a7aa36c00e469482a6219004fde717&data=eyJwYXRoIjoiL2NpdHktYnVzL2dldFNvdXJjZURldGFpbHMiLCJwYXJhbXMiOnsibWVyY2hhbnRDaXR5S2V5IjoiYWhtZWRhYmFkX2JydHMiLCJzb3VyY2VJZCI6IjAxMTcifSwic3BhcmFtcyI6eyJwdWxsUmVmcmVzaCI6ZmFsc2UsImNhblB1bGxEb3duIjpmYWxzZSwic2hvd1RpdGxlQmFyIjpmYWxzZX19
0149,LAW GARDEN,paytmmp://mini-app?aId=77a7aa36c00e469482a6219004fde717&data=eyJwYXRoIjoiL2NpdHktYnVzL2dldFNvdXJjZURldGFpbHMiLCJwYXJhbXMiOnsibWVyY2hhbnRDaXR5S2V5IjoiYWhtZWRhYmFkX2JydHMiLCJzb3VyY2VJZCI6IjAxNDkifSwic3BhcmFtcyI6eyJwdWxsUmVmcmVzaCI6ZmFsc2UsImNhblB1bGxEb3duIjpmYWxzZSwic2hvd1RpdGxlQmFyIjpmYWxzZX19
0120,LD ENGG. COLLEGE,paytmmp://mini-app?aId=77a7aa36c00e469482a6219004fde717&data=eyJwYXRoIjoiL2NpdHktYnVzL2dldFNvdXJjZURldGFpbHMiLCJwYXJhbXMiOnsibWVyY2hhbnRDaXR5S2V5IjoiYWhtZWRhYmFkX2JydHMiLCJzb3VyY2VJZCI6IjAxMjAifSwic3BhcmFtcyI6eyJwdWxsUmVmcmVzaCI6ZmFsc2UsImNhblB1bGxEb3duIjpmYWxzZSwic2hvd1RpdGxlQmFyIjpmYWxzZX19
0055,LILANAGAR,paytmmp://mini-app?aId=77a7aa36c00e469482a6219004fde717&data=eyJwYXRoIjoiL2NpdHktYnVzL2dldFNvdXJjZURldGFpbHMiLCJwYXJhbXMiOnsibWVyY2hhbnRDaXR5S2V5IjoiYWhtZWRhYmFkX2JydHMiLCJzb3VyY2VJZCI6IjAwNTUifSwic3BhcmFtcyI6eyJwdWxsUmVmcmVzaCI6ZmFsc2UsImNhblB1bGxEb3duIjpmYWxzZSwic2hvd1RpdGxlQmFyIjpmYWxzZX19
0157,LITTLE WINGS,paytmmp://mini-app?aId=77a7aa36c00e469482a6219004fde717&data=eyJwYXRoIjoiL2NpdHktYnVzL2dldFNvdXJjZURldGFpbHMiLCJwYXJhbXMiOnsibWVyY2hhbnRDaXR5S2V5IjoiYWhtZWRhYmFkX2JydHMiLCJzb3VyY2VJZCI6IjAxNTcifSwic3BhcmFtcyI6eyJwdWxsUmVmcmVzaCI6ZmFsc2UsImNhblB1bGxEb3duIjpmYWxzZSwic2hvd1RpdGxlQmFyIjpmYWxzZX19
0095,LOKMANYA TILAK BAG,paytmmp://mini-app?aId=77a7aa36c00e469482a6219004fde717&data=eyJwYXRoIjoiL2NpdHktYnVzL2dldFNvdXJjZURldGFpbHMiLCJwYXJhbXMiOnsibWVyY2hhbnRDaXR5S2V5IjoiYWhtZWRhYmFkX2JydHMiLCJzb3VyY2VJZCI6IjAwOTUifSwic3BhcmFtcyI6eyJwdWxsUmVmcmVzaCI6ZmFsc2UsImNhblB1bGxEb3duIjpmYWxzZSwic2hvd1RpdGxlQmFyIjpmYWxzZX19
0148,M J LIBRARY,paytmmp://mini-app?aId=77a7aa36c00e469482a6219004fde717&data=eyJwYXRoIjoiL2NpdHktYnVzL2dldFNvdXJjZURldGFpbHMiLCJwYXJhbXMiOnsibWVyY2hhbnRDaXR5S2V5IjoiYWhtZWRhYmFkX2JydHMiLCJzb3VyY2VJZCI6IjAxNDgifSwic3BhcmFtcyI6eyJwdWxsUmVmcmVzaCI6ZmFsc2UsImNhblB1bGxEb3duIjpmYWxzZSwic2hvd1RpdGxlQmFyIjpmYWxzZX19
0171,MAKARBA ROAD,paytmmp://mini-app?aId=77a7aa36c00e469482a6219004fde717&data=eyJwYXRoIjoiL2NpdHktYnVzL2dldFNvdXJjZURldGFpbHMiLCJwYXJhbXMiOnsibWVyY2hhbnRDaXR5S2V5IjoiYWhtZWRhYmFkX2JydHMiLCJzb3VyY2VJZCI6IjAxNzEifSwic3BhcmFtcyI6eyJwdWxsUmVmcmVzaCI6ZmFsc2UsImNhblB1bGxEb3duIjpmYWxzZSwic2hvd1RpdGxlQmFyIjpmYWxzZX19
0186,MAKTAMPURA WARD OFFICE,paytmmp://mini-app?aId=77a7aa36c00e469482a6219004fde717&data=eyJwYXRoIjoiL2NpdHktYnVzL2dldFNvdXJjZURldGFpbHMiLCJwYXJhbXMiOnsibWVyY2hhbnRDaXR5S2V5IjoiYWhtZWRhYmFkX2JydHMiLCJzb3VyY2VJZCI6IjAxODYifSwic3BhcmFtcyI6eyJwdWxsUmVmcmVzaCI6ZmFsc2UsImNhblB1bGxEb3duIjpmYWxzZSwic2hvd1RpdGxlQmFyIjpmYWxzZX19
0017,MANEKBAUG,paytmmp://mini-app?aId=77a7aa36c00e469482a6219004fde717&data=eyJwYXRoIjoiL2NpdHktYnVzL2dldFNvdXJjZURldGFpbHMiLCJwYXJhbXMiOnsibWVyY2hhbnRDaXR5S2V5IjoiYWhtZWRhYmFkX2JydHMiLCJzb3VyY2VJZCI6IjAwMTcifSwic3BhcmFtcyI6eyJwdWxsUmVmcmVzaCI6ZmFsc2UsImNhblB1bGxEb3duIjpmYWxzZSwic2hvd1RpdGxlQmFyIjpmYWxzZX19
0133,MANGAL PARK,paytmmp://mini-app?aId=77a7aa36c00e469482a6219004fde717&data=eyJwYXRoIjoiL2NpdHktYnVzL2dldFNvdXJjZURldGFpbHMiLCJwYXJhbXMiOnsibWVyY2hhbnRDaXR5S2V5IjoiYWhtZWRhYmFkX2JydHMiLCJzb3VyY2VJZCI6IjAxMzMifSwic3BhcmFtcyI6eyJwdWxsUmVmcmVzaCI6ZmFsc2UsImNhblB1bGxEb3duIjpmYWxzZSwic2hvd1RpdGxlQmFyIjpmYWxzZX19
0029,MANINAGAR,paytmmp://mini-app?aId=77a7aa36c00e469482a6219004fde717&data=eyJwYXRoIjoiL2NpdHktYnVzL2dldFNvdXJjZURldGFpbHMiLCJwYXJhbXMiOnsibWVyY2hhbnRDaXR5S2V5IjoiYWhtZWRhYmFkX2JydHMiLCJzb3VyY2VJZCI6IjAwMjkifSwic3BhcmFtcyI6eyJwdWxsUmVmcmVzaCI6ZmFsc2UsImNhblB1bGxEb3duIjpmYWxzZSwic2hvd1RpdGxlQmFyIjpmYWxzZX19
0028,MANINAGAR CHAR RASTA,paytmmp://mini-app?aId=77a7aa36c00e469482a6219004fde717&data=eyJwYXRoIjoiL2NpdHktYnVzL2dldFNvdXJjZURldGFpbHMiLCJwYXJhbXMiOnsibWVyY2hhbnRDaXR5S2V5IjoiYWhtZWRhYmFkX2JydHMiLCJzb3VyY2VJZCI6IjAwMjgifSwic3BhcmFtcyI6eyJwdWxsUmVmcmVzaCI6ZmFsc2UsImNhblB1bGxEb3duIjpmYWxzZSwic2hvd1RpdGxlQmFyIjpmYWxzZX19
0122,MEMCO CROSS ROAD,paytmmp://mini-app?aId=77a7aa36c00e469482a6219004fde717&data=eyJwYXRoIjoiL2NpdHktYnVzL2dldFNvdXJjZURldGFpbHMiLCJwYXJhbXMiOnsibWVyY2hhbnRDaXR5S2V5IjoiYWhtZWRhYmFkX2JydHMiLCJzb3VyY2VJZCI6IjAxMjIifSwic3BhcmFtcyI6eyJwdWxsUmVmcmVzaCI6ZmFsc2UsImNhblB1bGxEb3duIjpmYWxzZSwic2hvd1RpdGxlQmFyIjpmYWxzZX19
0010,MEMNAGAR,paytmmp://mini-app?aId=77a7aa36c00e469482a6219004fde717&data=eyJwYXRoIjoiL2NpdHktYnVzL2dldFNvdXJjZURldGFpbHMiLCJwYXJhbXMiOnsibWVyY2hhbnRDaXR5S2V5IjoiYWhtZWRhYmFkX2JydHMiLCJzb3VyY2VJZCI6IjAwMTAifSwic3BhcmFtcyI6eyJwdWxsUmVmcmVzaCI6ZmFsc2UsImNhblB1bGxEb3duIjpmYWxzZSwic2hvd1RpdGxlQmFyIjpmYWxzZX19
0033,MIRA CINEMA CHAR RASTA,paytmmp://mini-app?aId=77a7aa36c00e469482a6219004fde717&data=eyJwYXRoIjoiL2NpdHktYnVzL2dldFNvdXJjZURldGFpbHMiLCJwYXJhbXMiOnsibWVyY2hhbnRDaXR5S2V5IjoiYWhtZWRhYmFkX2JydHMiLCJzb3VyY2VJZCI6IjAwMzMifSwic3BhcmFtcyI6eyJwdWxsUmVmcmVzaCI6ZmFsc2UsImNhblB1bGxEb3duIjpmYWxzZSwic2hvd1RpdGxlQmFyIjpmYWxzZX19
0077,MORLIDHAR SOCIETY,paytmmp://mini-app?aId=77a7aa36c00e469482a6219004fde717&data=eyJwYXRoIjoiL2NpdHktYnVzL2dldFNvdXJjZURldGFpbHMiLCJwYXJhbXMiOnsibWVyY2hhbnRDaXR5S2V5IjoiYWhtZWRhYmFkX2JydHMiLCJzb3VyY2VJZCI6IjAwNzcifSwic3BhcmFtcyI6eyJwdWxsUmVmcmVzaCI6ZmFsc2UsImNhblB1bGxEb3duIjpmYWxzZSwic2hvd1RpdGxlQmFyIjpmYWxzZX19
0092,MOTERA CROSS ROAD,paytmmp://mini-app?aId=77a7aa36c00e469482a6219004fde717&data=eyJwYXRoIjoiL2NpdHktYnVzL2dldFNvdXJjZURldGFpbHMiLCJwYXJhbXMiOnsibWVyY2hhbnRDaXR5S2V5IjoiYWhtZWRhYmFkX2JydHMiLCJzb3VyY2VJZCI6IjAwOTIifSwic3BhcmFtcyI6eyJwdWxsUmVmcmVzaCI6ZmFsc2UsImNhblB1bGxEb3duIjpmYWxzZSwic2hvd1RpdGxlQmFyIjpmYWxzZX19
0040,MUKESH INDUSTRIES,paytmmp://mini-app?aId=77a7aa36c00e469482a6219004fde717&data=eyJwYXRoIjoiL2NpdHktYnVzL2dldFNvdXJjZURldGFpbHMiLCJwYXJhbXMiOnsibWVyY2hhbnRDaXR5S2V5IjoiYWhtZWRhYmFkX2JydHMiLCJzb3VyY2VJZCI6IjAwNDAifSwic3BhcmFtcyI6eyJwdWxsUmVmcmVzaCI6ZmFsc2UsImNhblB1bGxEb3duIjpmYWxzZSwic2hvd1RpdGxlQmFyIjpmYWxzZX19
0177,MUKTIDHAM NARODA,paytmmp://mini-app?aId=77a7aa36c00e469482a6219004fde717&data=eyJwYXRoIjoiL2NpdHktYnVzL2dldFNvdXJjZURldGFpbHMiLCJwYXJhbXMiOnsibWVyY2hhbnRDaXR5S2V5IjoiYWhtZWRhYmFkX2JydHMiLCJzb3VyY2VJZCI6IjAxNzcifSwic3BhcmFtcyI6eyJwdWxsUmVmcmVzaCI6ZmFsc2UsImNhblB1bGxEb3duIjpmYWxzZSwic2hvd1RpdGxlQmFyIjpmYWxzZX19
0097,MUNICIPAL CORPORATION OFFICE,paytmmp://mini-app?aId=77a7aa36c00e469482a6219004fde717&data=eyJwYXRoIjoiL2NpdHktYnVzL2dldFNvdXJjZURldGFpbHMiLCJwYXJhbXMiOnsibWVyY2hhbnRDaXR5S2V5IjoiYWhtZWRhYmFkX2JydHMiLCJzb3VyY2VJZCI6IjAwOTcifSwic3BhcmFtcyI6eyJwdWxsUmVmcmVzaCI6ZmFsc2UsImNhblB1bGxEb3duIjpmYWxzZSwic2hvd1RpdGxlQmFyIjpmYWxzZX19
0121,MUNICIPAL NORTH ZONE OFFICE,paytmmp://mini-app?aId=77a7aa36c00e469482a6219004fde717&data=eyJwYXRoIjoiL2NpdHktYnVzL2dldFNvdXJjZURldGFpbHMiLCJwYXJhbXMiOnsibWVyY2hhbnRDaXR5S2V5IjoiYWhtZWRhYmFkX2JydHMiLCJzb3VyY2VJZCI6IjAxMjEifSwic3BhcmFtcyI6eyJwdWxsUmVmcmVzaCI6ZmFsc2UsImNhblB1bGxEb3duIjpmYWxzZSwic2hvd1RpdGxlQmFyIjpmYWxzZX19
0062,N R PATEL PARK,paytmmp://mini-app?aId=77a7aa36c00e469482a6219004fde717&data=eyJwYXRoIjoiL2NpdHktYnVzL2dldFNvdXJjZURldGFpbHMiLCJwYXJhbXMiOnsibWVyY2hhbnRDaXR5S2V5IjoiYWhtZWRhYmFkX2JydHMiLCJzb3VyY2VJZCI6IjAwNjIifSwic3BhcmFtcyI6eyJwdWxsUmVmcmVzaCI6ZmFsc2UsImNhblB1bGxEb3duIjpmYWxzZSwic2hvd1RpdGxlQmFyIjpmYWxzZX19
0200,NARANGHAT,paytmmp://mini-app?aId=77a7aa36c00e469482a6219004fde717&data=eyJwYXRoIjoiL2NpdHktYnVzL2dldFNvdXJjZURldGFpbHMiLCJwYXJhbXMiOnsibWVyY2hhbnRDaXR5S2V5IjoiYWhtZWRhYmFkX2JydHMiLCJzb3VyY2VJZCI6IjAyMDAifSwic3BhcmFtcyI6eyJwdWxsUmVmcmVzaCI6ZmFsc2UsImNhblB1bGxEb3duIjpmYWxzZSwic2hvd1RpdGxlQmFyIjpmYWxzZX19
0153,NARAYANA HOSPITAL,paytmmp://mini-app?aId=77a7aa36c00e469482a6219004fde717&data=eyJwYXRoIjoiL2NpdHktYnVzL2dldFNvdXJjZURldGFpbHMiLCJwYXJhbXMiOnsibWVyY2hhbnRDaXR5S2V5IjoiYWhtZWRhYmFkX2JydHMiLCJzb3VyY2VJZCI6IjAxNTMifSwic3BhcmFtcyI6eyJwdWxsUmVmcmVzaCI6ZmFsc2UsImNhblB1bGxEb3duIjpmYWxzZSwic2hvd1RpdGxlQmFyIjpmYWxzZX19
0193,NARODA BAZAAR,paytmmp://mini-app?aId=77a7aa36c00e469482a6219004fde717&data=eyJwYXRoIjoiL2NpdHktYnVzL2dldFNvdXJjZURldGFpbHMiLCJwYXJhbXMiOnsibWVyY2hhbnRDaXR5S2V5IjoiYWhtZWRhYmFkX2JydHMiLCJzb3VyY2VJZCI6IjAxOTMifSwic3BhcmFtcyI6eyJwdWxsUmVmcmVzaCI6ZmFsc2UsImNhblB1bGxEb3duIjpmYWxzZSwic2hvd1RpdGxlQmFyIjpmYWxzZX19
0123,NARODA FRUIT MARKET,paytmmp://mini-app?aId=77a7aa36c00e469482a6219004fde717&data=eyJwYXRoIjoiL2NpdHktYnVzL2dldFNvdXJjZURldGFpbHMiLCJwYXJhbXMiOnsibWVyY2hhbnRDaXR5S2V5IjoiYWhtZWRhYmFkX2JydHMiLCJzb3VyY2VJZCI6IjAxMjMifSwic3BhcmFtcyI6eyJwdWxsUmVmcmVzaCI6ZmFsc2UsImNhblB1bGxEb3duIjpmYWxzZSwic2hvd1RpdGxlQmFyIjpmYWxzZX19
0140,NARODA GAM,paytmmp://mini-app?aId=77a7aa36c00e469482a6219004fde717&data=eyJwYXRoIjoiL2NpdHktYnVzL2dldFNvdXJjZURldGFpbHMiLCJwYXJhbXMiOnsibWVyY2hhbnRDaXR5S2V5IjoiYWhtZWRhYmFkX2JydHMiLCJzb3VyY2VJZCI6IjAxNDAifSwic3BhcmFtcyI6eyJwdWxsUmVmcmVzaCI6ZmFsc2UsImNhblB1bGxEb3duIjpmYWxzZSwic2hvd1RpdGxlQmFyIjpmYWxzZX19
0061,NARODA S. T. WORKSHOP,paytmmp://mini-app?aId=77a7aa36c00e469482a6219004fde717&data=eyJwYXRoIjoiL2NpdHktYnVzL2dldFNvdXJjZURldGFpbHMiLCJwYXJhbXMiOnsibWVyY2hhbnRDaXR5S2V5IjoiYWhtZWRhYmFkX2JydHMiLCJzb3VyY2VJZCI6IjAwNjEifSwic3BhcmFtcyI6eyJwdWxsUmVmcmVzaCI6ZmFsc2UsImNhblB1bGxEb3duIjpmYWxzZSwic2hvd1RpdGxlQmFyIjpmYWxzZX19
0039,NAROL,paytmmp://mini-app?aId=77a7aa36c00e469482a6219004fde717&data=eyJwYXRoIjoiL2NpdHktYnVzL2dldFNvdXJjZURldGFpbHMiLCJwYXJhbXMiOnsibWVyY2hhbnRDaXR5S2V5IjoiYWhtZWRhYmFkX2JydHMiLCJzb3VyY2VJZCI6IjAwMzkifSwic3BhcmFtcyI6eyJwdWxsUmVmcmVzaCI6ZmFsc2UsImNhblB1bGxEb3duIjpmYWxzZSwic2hvd1RpdGxlQmFyIjpmYWxzZX19
0016,NEHRUNAGAR,paytmmp://mini-app?aId=77a7aa36c00e469482a6219004fde717&data=eyJwYXRoIjoiL2NpdHktYnVzL2dldFNvdXJjZURldGFpbHMiLCJwYXJhbXMiOnsibWVyY2hhbnRDaXR5S2V5IjoiYWhtZWRhYmFkX2JydHMiLCJzb3VyY2VJZCI6IjAwMTYifSwic3BhcmFtcyI6eyJwdWxsUmVmcmVzaCI6ZmFsc2UsImNhblB1bGxEb3duIjpmYWxzZSwic2hvd1RpdGxlQmFyIjpmYWxzZX19
0074,ODHAV FIRE STATION,paytmmp://mini-app?aId=77a7aa36c00e469482a6219004fde717&data=eyJwYXRoIjoiL2NpdHktYnVzL2dldFNvdXJjZURldGFpbHMiLCJwYXJhbXMiOnsibWVyY2hhbnRDaXR5S2V5IjoiYWhtZWRhYmFkX2JydHMiLCJzb3VyY2VJZCI6IjAwNzQifSwic3BhcmFtcyI6eyJwdWxsUmVmcmVzaCI6ZmFsc2UsImNhblB1bGxEb3duIjpmYWxzZSwic2hvd1RpdGxlQmFyIjpmYWxzZX19
0078,ODHAV TALAV,paytmmp://mini-app?aId=77a7aa36c00e469482a6219004fde717&data=eyJwYXRoIjoiL2NpdHktYnVzL2dldFNvdXJjZURldGFpbHMiLCJwYXJhbXMiOnsibWVyY2hhbnRDaXR5S2V5IjoiYWhtZWRhYmFkX2JydHMiLCJzb3VyY2VJZCI6IjAwNzgifSwic3BhcmFtcyI6eyJwdWxsUmVmcmVzaCI6ZmFsc2UsImNhblB1bGxEb3duIjpmYWxzZSwic2hvd1RpdGxlQmFyIjpmYWxzZX19
0112,ONGC AVANI BHAVAN,paytmmp://mini-app?aId=77a7aa36c00e469482a6219004fde717&data=eyJwYXRoIjoiL2NpdHktYnVzL2dldFNvdXJjZURldGFpbHMiLCJwYXJhbXMiOnsibWVyY2hhbnRDaXR5S2V5IjoiYWhtZWRhYmFkX2JydHMiLCJzb3VyY2VJZCI6IjAxMTIifSwic3BhcmFtcyI6eyJwdWxsUmVmcmVzaCI6ZmFsc2UsImNhblB1bGxEb3duIjpmYWxzZSwic2hvd1RpdGxlQmFyIjpmYWxzZX19
0118,PANJRAPOLE CHAR RASTA,paytmmp://mini-app?aId=77a7aa36c00e469482a6219004fde717&data=eyJwYXRoIjoiL2NpdHktYnVzL2dldFNvdXJjZURldGFpbHMiLCJwYXJhbXMiOnsibWVyY2hhbnRDaXR5S2V5IjoiYWhtZWRhYmFkX2JydHMiLCJzb3VyY2VJZCI6IjAxMTgifSwic3BhcmFtcyI6eyJwdWxsUmVmcmVzaCI6ZmFsc2UsImNhblB1bGxEb3duIjpmYWxzZSwic2hvd1RpdGxlQmFyIjpmYWxzZX19
0082,PARASNAGAR,paytmmp://mini-app?aId=77a7aa36c00e469482a6219004fde717&data=eyJwYXRoIjoiL2NpdHktYnVzL2dldFNvdXJjZURldGFpbHMiLCJwYXJhbXMiOnsibWVyY2hhbnRDaXR5S2V5IjoiYWhtZWRhYmFkX2JydHMiLCJzb3VyY2VJZCI6IjAwODIifSwic3BhcmFtcyI6eyJwdWxsUmVmcmVzaCI6ZmFsc2UsImNhblB1bGxEb3duIjpmYWxzZSwic2hvd1RpdGxlQmFyIjpmYWxzZX19
0083,PARSHWANATH JAIN MANDIR,paytmmp://mini-app?aId=77a7aa36c00e469482a6219004fde717&data=eyJwYXRoIjoiL2NpdHktYnVzL2dldFNvdXJjZURldGFpbHMiLCJwYXJhbXMiOnsibWVyY2hhbnRDaXR5S2V5IjoiYWhtZWRhYmFkX2JydHMiLCJzb3VyY2VJZCI6IjAwODMifSwic3BhcmFtcyI6eyJwdWxsUmVmcmVzaCI6ZmFsc2UsImNhblB1bGxEb3duIjpmYWxzZSwic2hvd1RpdGxlQmFyIjpmYWxzZX19
0151,PATEL MILLS,paytmmp://mini-app?aId=77a7aa36c00e469482a6219004fde717&data=eyJwYXRoIjoiL2NpdHktYnVzL2dldFNvdXJjZURldGFpbHMiLCJwYXJhbXMiOnsibWVyY2hhbnRDaXR5S2V5IjoiYWhtZWRhYmFkX2JydHMiLCJzb3VyY2VJZCI6IjAxNTEifSwic3BhcmFtcyI6eyJwdWxsUmVmcmVzaCI6ZmFsc2UsImNhblB1bGxEb3duIjpmYWxzZSwic2hvd1RpdGxlQmFyIjpmYWxzZX19
0207,PRABHA HANUMAN,paytmmp://mini-app?aId=77a7aa36c00e469482a6219004fde717&data=eyJwYXRoIjoiL2NpdHktYnVzL2dldFNvdXJjZURldGFpbHMiLCJwYXJhbXMiOnsibWVyY2hhbnRDaXR5S2V5IjoiYWhtZWRhYmFkX2JydHMiLCJzb3VyY2VJZCI6IjAyMDcifSwic3BhcmFtcyI6eyJwdWxsUmVmcmVzaCI6ZmFsc2UsImNhblB1bGxEb3duIjpmYWxzZSwic2hvd1RpdGxlQmFyIjpmYWxzZX19
0005,PRAGATINAGAR,paytmmp://mini-app?aId=77a7aa36c00e469482a6219004fde717&data=eyJwYXRoIjoiL2NpdHktYnVzL2dldFNvdXJjZURldGFpbHMiLCJwYXJhbXMiOnsibWVyY2hhbnRDaXR5S2V5IjoiYWhtZWRhYmFkX2JydHMiLCJzb3VyY2VJZCI6IjAwMDUifSwic3BhcmFtcyI6eyJwdWxsUmVmcmVzaCI6ZmFsc2UsImNhblB1bGxEb3duIjpmYWxzZSwic2hvd1RpdGxlQmFyIjpmYWxzZX19
0170,PRAHALAD NAGAR CROSS ROAD,paytmmp://mini-app?aId=77a7aa36c00e469482a6219004fde717&data=eyJwYXRoIjoiL2NpdHktYnVzL2dldFNvdXJjZURldGFpbHMiLCJwYXJhbXMiOnsibWVyY2hhbnRDaXR5S2V5IjoiYWhtZWRhYmFkX2JydHMiLCJzb3VyY2VJZCI6IjAxNzAifSwic3BhcmFtcyI6eyJwdWxsUmVmcmVzaCI6ZmFsc2UsImNhblB1bGxEb3duIjpmYWxzZSwic2hvd1RpdGxlQmFyIjpmYWxzZX19
0185,PRAVINNAGAR,paytmmp://mini-app?aId=77a7aa36c00e469482a6219004fde717&data=eyJwYXRoIjoiL2NpdHktYnVzL2dldFNvdXJjZURldGFpbHMiLCJwYXJhbXMiOnsibWVyY2hhbnRDaXR5S2V5IjoiYWhtZWRhYmFkX2JydHMiLCJzb3VyY2VJZCI6IjAxODUifSwic3BhcmFtcyI6eyJwdWxsUmVmcmVzaCI6ZmFsc2UsImNhblB1bGxEb3duIjpmYWxzZSwic2hvd1RpdGxlQmFyIjpmYWxzZX19
0146,PREM DARWAJA,paytmmp://mini-app?aId=77a7aa36c00e469482a6219004fde717&data=eyJwYXRoIjoiL2NpdHktYnVzL2dldFNvdXJjZURldGFpbHMiLCJwYXJhbXMiOnsibWVyY2hhbnRDaXR5S2V5IjoiYWhtZWRhYmFkX2JydHMiLCJzb3VyY2VJZCI6IjAxNDYifSwic3BhcmFtcyI6eyJwdWxsUmVmcmVzaCI6ZmFsc2UsImNhblB1bGxEb3duIjpmYWxzZSwic2hvd1RpdGxlQmFyIjpmYWxzZX19
0046,PURVDEEP SOCIETY,paytmmp://mini-app?aId=77a7aa36c00e469482a6219004fde717&data=eyJwYXRoIjoiL2NpdHktYnVzL2dldFNvdXJjZURldGFpbHMiLCJwYXJhbXMiOnsibWVyY2hhbnRDaXR5S2V5IjoiYWhtZWRhYmFkX2JydHMiLCJzb3VyY2VJZCI6IjAwNDYifSwic3BhcmFtcyI6eyJwdWxsUmVmcmVzaCI6ZmFsc2UsImNhblB1bGxEb3duIjpmYWxzZSwic2hvd1RpdGxlQmFyIjpmYWxzZX19
0001,R.T.O CIRCLE,paytmmp://mini-app?aId=77a7aa36c00e469482a6219004fde717&data=eyJwYXRoIjoiL2NpdHktYnVzL2dldFNvdXJjZURldGFpbHMiLCJwYXJhbXMiOnsibWVyY2hhbnRDaXR5S2V5IjoiYWhtZWRhYmFkX2JydHMiLCJzb3VyY2VJZCI6IjAwMDEifSwic3BhcmFtcyI6eyJwdWxsUmVmcmVzaCI6ZmFsc2UsImNhblB1bGxEb3duIjpmYWxzZSwic2hvd1RpdGxlQmFyIjpmYWxzZX19
0094,R.T.O EXTENSION,paytmmp://mini-app?aId=77a7aa36c00e469482a6219004fde717&data=eyJwYXRoIjoiL2NpdHktYnVzL2dldFNvdXJjZURldGFpbHMiLCJwYXJhbXMiOnsibWVyY2hhbnRDaXR5S2V5IjoiYWhtZWRhYmFkX2JydHMiLCJzb3VyY2VJZCI6IjAwOTQifSwic3BhcmFtcyI6eyJwdWxsUmVmcmVzaCI6ZmFsc2UsImNhblB1bGxEb3duIjpmYWxzZSwic2hvd1RpdGxlQmFyIjpmYWxzZX19
0048,RABARI COLONY,paytmmp://mini-app?aId=77a7aa36c00e469482a6219004fde717&data=eyJwYXRoIjoiL2NpdHktYnVzL2dldFNvdXJjZURldGFpbHMiLCJwYXJhbXMiOnsibWVyY2hhbnRDaXR5S2V5IjoiYWhtZWRhYmFkX2JydHMiLCJzb3VyY2VJZCI6IjAwNDgifSwic3BhcmFtcyI6eyJwdWxsUmVmcmVzaCI6ZmFsc2UsImNhblB1bGxEb3duIjpmYWxzZSwic2hvd1RpdGxlQmFyIjpmYWxzZX19
0096,RAIKHAD CHAR RASTA,paytmmp://mini-app?aId=77a7aa36c00e469482a6219004fde717&data=eyJwYXRoIjoiL2NpdHktYnVzL2dldFNvdXJjZURldGFpbHMiLCJwYXJhbXMiOnsibWVyY2hhbnRDaXR5S2V5IjoiYWhtZWRhYmFkX2JydHMiLCJzb3VyY2VJZCI6IjAwOTYifSwic3BhcmFtcyI6eyJwdWxsUmVmcmVzaCI6ZmFsc2UsImNhblB1bGxEb3duIjpmYWxzZSwic2hvd1RpdGxlQmFyIjpmYWxzZX19
0100,RAIPUR DARWAJA,paytmmp://mini-app?aId=77a7aa36c00e469482a6219004fde717&data=eyJwYXRoIjoiL2NpdHktYnVzL2dldFNvdXJjZURldGFpbHMiLCJwYXJhbXMiOnsibWVyY2hhbnRDaXR5S2V5IjoiYWhtZWRhYmFkX2JydHMiLCJzb3VyY2VJZCI6IjAxMDAifSwic3BhcmFtcyI6eyJwdWxsUmVmcmVzaCI6ZmFsc2UsImNhblB1bGxEb3duIjpmYWxzZSwic2hvd1RpdGxlQmFyIjpmYWxzZX19
0049,RAM RAJYA NAGAR,paytmmp://mini-app?aId=77a7aa36c00e469482a6219004fde717&data=eyJwYXRoIjoiL2NpdHktYnVzL2dldFNvdXJjZURldGFpbHMiLCJwYXJhbXMiOnsibWVyY2hhbnRDaXR5S2V5IjoiYWhtZWRhYmFkX2JydHMiLCJzb3VyY2VJZCI6IjAwNDkifSwic3BhcmFtcyI6eyJwdWxsUmVmcmVzaCI6ZmFsc2UsImNhblB1bGxEb3duIjpmYWxzZSwic2hvd1RpdGxlQmFyIjpmYWxzZX19
0063,RAMAPIR NO TEKARO,paytmmp://mini-app?aId=77a7aa36c00e469482a6219004fde717&data=eyJwYXRoIjoiL2NpdHktYnVzL2dldFNvdXJjZURldGFpbHMiLCJwYXJhbXMiOnsibWVyY2hhbnRDaXR5S2V5IjoiYWhtZWRhYmFkX2JydHMiLCJzb3VyY2VJZCI6IjAwNjMifSwic3BhcmFtcyI6eyJwdWxsUmVmcmVzaCI6ZmFsc2UsImNhblB1bGxEb3duIjpmYWxzZSwic2hvd1RpdGxlQmFyIjpmYWxzZX19
0027,RAMBAUGH,paytmmp://mini-app?aId=77a7aa36c00e469482a6219004fde717&data=eyJwYXRoIjoiL2NpdHktYnVzL2dldFNvdXJjZURldGFpbHMiLCJwYXJhbXMiOnsibWVyY2hhbnRDaXR5S2V5IjoiYWhtZWRhYmFkX2JydHMiLCJzb3VyY2VJZCI6IjAwMjcifSwic3BhcmFtcyI6eyJwdWxsUmVmcmVzaCI6ZmFsc2UsImNhblB1bGxEb3duIjpmYWxzZSwic2hvd1RpdGxlQmFyIjpmYWxzZX19
0071,RAMDEVNAGAR,paytmmp://mini-app?aId=77a7aa36c00e469482a6219004fde717&data=eyJwYXRoIjoiL2NpdHktYnVzL2dldFNvdXJjZURldGFpbHMiLCJwYXJhbXMiOnsibWVyY2hhbnRDaXR5S2V5IjoiYWhtZWRhYmFkX2JydHMiLCJzb3VyY2VJZCI6IjAwNzEifSwic3BhcmFtcyI6eyJwdWxsUmVmcmVzaCI6ZmFsc2UsImNhblB1bGxEb3duIjpmYWxzZSwic2hvd1RpdGxlQmFyIjpmYWxzZX19
0050,RAMESHWAR PARK,paytmmp://mini-app?aId=77a7aa36c00e469482a6219004fde717&data=eyJwYXRoIjoiL2NpdHktYnVzL2dldFNvdXJjZURldGFpbHMiLCJwYXJhbXMiOnsibWVyY2hhbnRDaXR5S2V5IjoiYWhtZWRhYmFkX2JydHMiLCJzb3VyY2VJZCI6IjAwNTAifSwic3BhcmFtcyI6eyJwdWxsUmVmcmVzaCI6ZmFsc2UsImNhblB1bGxEb3duIjpmYWxzZSwic2hvd1RpdGxlQmFyIjpmYWxzZX19
0002,RANIP CROSS ROAD,paytmmp://mini-app?aId=77a7aa36c00e469482a6219004fde717&data=eyJwYXRoIjoiL2NpdHktYnVzL2dldFNvdXJjZURldGFpbHMiLCJwYXJhbXMiOnsibWVyY2hhbnRDaXR5S2V5IjoiYWhtZWRhYmFkX2JydHMiLCJzb3VyY2VJZCI6IjAwMDIifSwic3BhcmFtcyI6eyJwdWxsUmVmcmVzaCI6ZmFsc2UsImNhblB1bGxEb3duIjpmYWxzZSwic2hvd1RpdGxlQmFyIjpmYWxzZX19
0167,RANIP SWAPPING STATION,paytmmp://mini-app?aId=77a7aa36c00e469482a6219004fde717&data=eyJwYXRoIjoiL2NpdHktYnVzL2dldFNvdXJjZURldGFpbHMiLCJwYXJhbXMiOnsibWVyY2hhbnRDaXR5S2V5IjoiYWhtZWRhYmFkX2JydHMiLCJzb3VyY2VJZCI6IjAxNjcifSwic3BhcmFtcyI6eyJwdWxsUmVmcmVzaCI6ZmFsc2UsImNhblB1bGxEb3duIjpmYWxzZSwic2hvd1RpdGxlQmFyIjpmYWxzZX19
0089,RATHI APARTMENT,paytmmp://mini-app?aId=77a7aa36c00e469482a6219004fde717&data=eyJwYXRoIjoiL2NpdHktYnVzL2dldFNvdXJjZURldGFpbHMiLCJwYXJhbXMiOnsibWVyY2hhbnRDaXR5S2V5IjoiYWhtZWRhYmFkX2JydHMiLCJzb3VyY2VJZCI6IjAwODkifSwic3BhcmFtcyI6eyJwdWxsUmVmcmVzaCI6ZmFsc2UsImNhblB1bGxEb3duIjpmYWxzZSwic2hvd1RpdGxlQmFyIjpmYWxzZX19
0208,RK ROYAL,paytmmp://mini-app?aId=77a7aa36c00e469482a6219004fde717&data=eyJwYXRoIjoiL2NpdHktYnVzL2dldFNvdXJjZURldGFpbHMiLCJwYXJhbXMiOnsibWVyY2hhbnRDaXR5S2V5IjoiYWhtZWRhYmFkX2JydHMiLCJzb3VyY2VJZCI6IjAyMDgifSwic3BhcmFtcyI6eyJwdWxsUmVmcmVzaCI6ZmFsc2UsImNhblB1bGxEb3duIjpmYWxzZSwic2hvd1RpdGxlQmFyIjpmYWxzZX19
0090,SABARMATI MUNICIPAL SWIMMING POOL,paytmmp://mini-app?aId=77a7aa36c00e469482a6219004fde717&data=eyJwYXRoIjoiL2NpdHktYnVzL2dldFNvdXJjZURldGFpbHMiLCJwYXJhbXMiOnsibWVyY2hhbnRDaXR5S2V5IjoiYWhtZWRhYmFkX2JydHMiLCJzb3VyY2VJZCI6IjAwOTAifSwic3BhcmFtcyI6eyJwdWxsUmVmcmVzaCI6ZmFsc2UsImNhblB1bGxEb3duIjpmYWxzZSwic2hvd1RpdGxlQmFyIjpmYWxzZX19
0091,SABARMATI POLICE STATION,paytmmp://mini-app?aId=77a7aa36c00e469482a6219004fde717&data=eyJwYXRoIjoiL2NpdHktYnVzL2dldFNvdXJjZURldGFpbHMiLCJwYXJhbXMiOnsibWVyY2hhbnRDaXR5S2V5IjoiYWhtZWRhYmFkX2JydHMiLCJzb3VyY2VJZCI6IjAwOTEifSwic3BhcmFtcyI6eyJwdWxsUmVmcmVzaCI6ZmFsc2UsImNhblB1bGxEb3duIjpmYWxzZSwic2hvd1RpdGxlQmFyIjpmYWxzZX19
0088,SABARMATI POWER HOUSE,paytmmp://mini-app?aId=77a7aa36c00e469482a6219004fde717&data=eyJwYXRoIjoiL2NpdHktYnVzL2dldFNvdXJjZURldGFpbHMiLCJwYXJhbXMiOnsibWVyY2hhbnRDaXR5S2V5IjoiYWhtZWRhYmFkX2JydHMiLCJzb3VyY2VJZCI6IjAwODgifSwic3BhcmFtcyI6eyJwdWxsUmVmcmVzaCI6ZmFsc2UsImNhblB1bGxEb3duIjpmYWxzZSwic2hvd1RpdGxlQmFyIjpmYWxzZX19
0134,SAIJPUR TOWER,paytmmp://mini-app?aId=77a7aa36c00e469482a6219004fde717&data=eyJwYXRoIjoiL2NpdHktYnVzL2dldFNvdXJjZURldGFpbHMiLCJwYXJhbXMiOnsibWVyY2hhbnRDaXR5S2V5IjoiYWhtZWRhYmFkX2JydHMiLCJzb3VyY2VJZCI6IjAxMzQifSwic3BhcmFtcyI6eyJwdWxsUmVmcmVzaCI6ZmFsc2UsImNhblB1bGxEb3duIjpmYWxzZSwic2hvd1RpdGxlQmFyIjpmYWxzZX19
0150,SAMARPAN BUNGALOWS,paytmmp://mini-app?aId=77a7aa36c00e469482a6219004fde717&data=eyJwYXRoIjoiL2NpdHktYnVzL2dldFNvdXJjZURldGFpbHMiLCJwYXJhbXMiOnsibWVyY2hhbnRDaXR5S2V5IjoiYWhtZWRhYmFkX2JydHMiLCJzb3VyY2VJZCI6IjAxNTAifSwic3BhcmFtcyI6eyJwdWxsUmVmcmVzaCI6ZmFsc2UsImNhblB1bGxEb3duIjpmYWxzZSwic2hvd1RpdGxlQmFyIjpmYWxzZX19
0172,SANAND CIRCLE,paytmmp://mini-app?aId=77a7aa36c00e469482a6219004fde717&data=eyJwYXRoIjoiL2NpdHktYnVzL2dldFNvdXJjZURldGFpbHMiLCJwYXJhbXMiOnsibWVyY2hhbnRDaXR5S2V5IjoiYWhtZWRhYmFkX2JydHMiLCJzb3VyY2VJZCI6IjAxNzIifSwic3BhcmFtcyI6eyJwdWxsUmVmcmVzaCI6ZmFsc2UsImNhblB1bGxEb3duIjpmYWxzZSwic2hvd1RpdGxlQmFyIjpmYWxzZX19
0102,SARANGPUR DARWAJA,paytmmp://mini-app?aId=77a7aa36c00e469482a6219004fde717&data=eyJwYXRoIjoiL2NpdHktYnVzL2dldFNvdXJjZURldGFpbHMiLCJwYXJhbXMiOnsibWVyY2hhbnRDaXR5S2V5IjoiYWhtZWRhYmFkX2JydHMiLCJzb3VyY2VJZCI6IjAxMDIifSwic3BhcmFtcyI6eyJwdWxsUmVmcmVzaCI6ZmFsc2UsImNhblB1bGxEb3duIjpmYWxzZSwic2hvd1RpdGxlQmFyIjpmYWxzZX19
0067,SARKARI LITHO PRESS,paytmmp://mini-app?aId=77a7aa36c00e469482a6219004fde717&data=eyJwYXRoIjoiL2NpdHktYnVzL2dldFNvdXJjZURldGFpbHMiLCJwYXJhbXMiOnsibWVyY2hhbnRDaXR5S2V5IjoiYWhtZWRhYmFkX2JydHMiLCJzb3VyY2VJZCI6IjAwNjcifSwic3BhcmFtcyI6eyJwdWxsUmVmcmVzaCI6ZmFsc2UsImNhblB1bGxEb3duIjpmYWxzZSwic2hvd1RpdGxlQmFyIjpmYWxzZX19
0145,SARKARI LITHO PRESS CABIN,paytmmp://mini-app?aId=77a7aa36c00e469482a6219004fde717&data=eyJwYXRoIjoiL2NpdHktYnVzL2dldFNvdXJjZURldGFpbHMiLCJwYXJhbXMiOnsibWVyY2hhbnRDaXR5S2V5IjoiYWhtZWRhYmFkX2JydHMiLCJzb3VyY2VJZCI6IjAxNDUifSwic3BhcmFtcyI6eyJwdWxsUmVmcmVzaCI6ZmFsc2UsImNhblB1bGxEb3duIjpmYWxzZSwic2hvd1RpdGxlQmFyIjpmYWxzZX19
0190,SARKHEJ CIRCLE,paytmmp://mini-app?aId=77a7aa36c00e469482a6219004fde717&data=eyJwYXRoIjoiL2NpdHktYnVzL2dldFNvdXJjZURldGFpbHMiLCJwYXJhbXMiOnsibWVyY2hhbnRDaXR5S2V5IjoiYWhtZWRhYmFkX2JydHMiLCJzb3VyY2VJZCI6IjAxOTAifSwic3BhcmFtcyI6eyJwdWxsUmVmcmVzaCI6ZmFsc2UsImNhblB1bGxEb3duIjpmYWxzZSwic2hvd1RpdGxlQmFyIjpmYWxzZX19
0129,SARTHI BUNGALOWS,paytmmp://mini-app?aId=77a7aa36c00e469482a6219004fde717&data=eyJwYXRoIjoiL2NpdHktYnVzL2dldFNvdXJjZURldGFpbHMiLCJwYXJhbXMiOnsibWVyY2hhbnRDaXR5S2V5IjoiYWhtZWRhYmFkX2JydHMiLCJzb3VyY2VJZCI6IjAxMjkifSwic3BhcmFtcyI6eyJwdWxsUmVmcmVzaCI6ZmFsc2UsImNhblB1bGxEb3duIjpmYWxzZSwic2hvd1RpdGxlQmFyIjpmYWxzZX19
0085,SATTADHAR CHAR RASTA,paytmmp://mini-app?aId=77a7aa36c00e469482a6219004fde717&data=eyJwYXRoIjoiL2NpdHktYnVzL2dldFNvdXJjZURldGFpbHMiLCJwYXJhbXMiOnsibWVyY2hhbnRDaXR5S2V5IjoiYWhtZWRhYmFkX2JydHMiLCJzb3VyY2VJZCI6IjAwODUifSwic3BhcmFtcyI6eyJwdWxsUmVmcmVzaCI6ZmFsc2UsImNhblB1bGxEb3duIjpmYWxzZSwic2hvd1RpdGxlQmFyIjpmYWxzZX19
0164,SCIENCE CITY,paytmmp://mini-app?aId=77a7aa36c00e469482a6219004fde717&data=eyJwYXRoIjoiL2NpdHktYnVzL2dldFNvdXJjZURldGFpbHMiLCJwYXJhbXMiOnsibWVyY2hhbnRDaXR5S2V5IjoiYWhtZWRhYmFkX2JydHMiLCJzb3VyY2VJZCI6IjAxNjQifSwic3BhcmFtcyI6eyJwdWxsUmVmcmVzaCI6ZmFsc2UsImNhblB1bGxEb3duIjpmYWxzZSwic2hvd1RpdGxlQmFyIjpmYWxzZX19
0087,SCIENCE CITY APPROACH,paytmmp://mini-app?aId=77a7aa36c00e469482a6219004fde717&data=eyJwYXRoIjoiL2NpdHktYnVzL2dldFNvdXJjZURldGFpbHMiLCJwYXJhbXMiOnsibWVyY2hhbnRDaXR5S2V5IjoiYWhtZWRhYmFkX2JydHMiLCJzb3VyY2VJZCI6IjAwODcifSwic3BhcmFtcyI6eyJwdWxsUmVmcmVzaCI6ZmFsc2UsImNhblB1bGxEb3duIjpmYWxzZSwic2hvd1RpdGxlQmFyIjpmYWxzZX19
0006,SHASTRINAGAR,paytmmp://mini-app?aId=77a7aa36c00e469482a6219004fde717&data=eyJwYXRoIjoiL2NpdHktYnVzL2dldFNvdXJjZURldGFpbHMiLCJwYXJhbXMiOnsibWVyY2hhbnRDaXR5S2V5IjoiYWhtZWRhYmFkX2JydHMiLCJzb3VyY2VJZCI6IjAwMDYifSwic3BhcmFtcyI6eyJwdWxsUmVmcmVzaCI6ZmFsc2UsImNhblB1bGxEb3duIjpmYWxzZSwic2hvd1RpdGxlQmFyIjpmYWxzZX19
0114,SHIV SHAKTINAGAR,paytmmp://mini-app?aId=77a7aa36c00e469482a6219004fde717&data=eyJwYXRoIjoiL2NpdHktYnVzL2dldFNvdXJjZURldGFpbHMiLCJwYXJhbXMiOnsibWVyY2hhbnRDaXR5S2V5IjoiYWhtZWRhYmFkX2JydHMiLCJzb3VyY2VJZCI6IjAxMTQifSwic3BhcmFtcyI6eyJwdWxsUmVmcmVzaCI6ZmFsc2UsImNhblB1bGxEb3duIjpmYWxzZSwic2hvd1RpdGxlQmFyIjpmYWxzZX19
0014,SHIVRANJANI,paytmmp://mini-app?aId=77a7aa36c00e469482a6219004fde717&data=eyJwYXRoIjoiL2NpdHktYnVzL2dldFNvdXJjZURldGFpbHMiLCJwYXJhbXMiOnsibWVyY2hhbnRDaXR5S2V5IjoiYWhtZWRhYmFkX2JydHMiLCJzb3VyY2VJZCI6IjAwMTQifSwic3BhcmFtcyI6eyJwdWxsUmVmcmVzaCI6ZmFsc2UsImNhblB1bGxEb3duIjpmYWxzZSwic2hvd1RpdGxlQmFyIjpmYWxzZX19
0009,SHREE VALINATH CHOWK,paytmmp://mini-app?aId=77a7aa36c00e469482a6219004fde717&data=eyJwYXRoIjoiL2NpdHktYnVzL2dldFNvdXJjZURldGFpbHMiLCJwYXJhbXMiOnsibWVyY2hhbnRDaXR5S2V5IjoiYWhtZWRhYmFkX2JydHMiLCJzb3VyY2VJZCI6IjAwMDkifSwic3BhcmFtcyI6eyJwdWxsUmVmcmVzaCI6ZmFsc2UsImNhblB1bGxEb3duIjpmYWxzZSwic2hvd1RpdGxlQmFyIjpmYWxzZX19
0162,SHUKAN MALL,paytmmp://mini-app?aId=77a7aa36c00e469482a6219004fde717&data=eyJwYXRoIjoiL2NpdHktYnVzL2dldFNvdXJjZURldGFpbHMiLCJwYXJhbXMiOnsibWVyY2hhbnRDaXR5S2V5IjoiYWhtZWRhYmFkX2JydHMiLCJzb3VyY2VJZCI6IjAxNjIifSwic3BhcmFtcyI6eyJwdWxsUmVmcmVzaCI6ZmFsc2UsImNhblB1bGxEb3duIjpmYWxzZSwic2hvd1RpdGxlQmFyIjpmYWxzZX19
0174,SOBO CENTER,paytmmp://mini-app?aId=77a7aa36c00e469482a6219004fde717&data=eyJwYXRoIjoiL2NpdHktYnVzL2dldFNvdXJjZURldGFpbHMiLCJwYXJhbXMiOnsibWVyY2hhbnRDaXR5S2V5IjoiYWhtZWRhYmFkX2JydHMiLCJzb3VyY2VJZCI6IjAxNzQifSwic3BhcmFtcyI6eyJwdWxsUmVmcmVzaCI6ZmFsc2UsImNhblB1bGxEb3duIjpmYWxzZSwic2hvd1RpdGxlQmFyIjpmYWxzZX19
0144,SOLA BHAGWAT,paytmmp://mini-app?aId=77a7aa36c00e469482a6219004fde717&data=eyJwYXRoIjoiL2NpdHktYnVzL2dldFNvdXJjZURldGFpbHMiLCJwYXJhbXMiOnsibWVyY2hhbnRDaXR5S2V5IjoiYWhtZWRhYmFkX2JydHMiLCJzb3VyY2VJZCI6IjAxNDQifSwic3BhcmFtcyI6eyJwdWxsUmVmcmVzaCI6ZmFsc2UsImNhblB1bGxEb3duIjpmYWxzZSwic2hvd1RpdGxlQmFyIjpmYWxzZX19
0086,SOLA BRIDGE,paytmmp://mini-app?aId=77a7aa36c00e469482a6219004fde717&data=eyJwYXRoIjoiL2NpdHktYnVzL2dldFNvdXJjZURldGFpbHMiLCJwYXJhbXMiOnsibWVyY2hhbnRDaXR5S2V5IjoiYWhtZWRhYmFkX2JydHMiLCJzb3VyY2VJZCI6IjAwODYifSwic3BhcmFtcyI6eyJwdWxsUmVmcmVzaCI6ZmFsc2UsImNhblB1bGxEb3duIjpmYWxzZSwic2hvd1RpdGxlQmFyIjpmYWxzZX19
0008,SOLA CROSS ROAD,paytmmp://mini-app?aId=77a7aa36c00e469482a6219004fde717&data=eyJwYXRoIjoiL2NpdHktYnVzL2dldFNvdXJjZURldGFpbHMiLCJwYXJhbXMiOnsibWVyY2hhbnRDaXR5S2V5IjoiYWhtZWRhYmFkX2JydHMiLCJzb3VyY2VJZCI6IjAwMDgifSwic3BhcmFtcyI6eyJwdWxsUmVmcmVzaCI6ZmFsc2UsImNhblB1bGxEb3duIjpmYWxzZSwic2hvd1RpdGxlQmFyIjpmYWxzZX19
0116,SOMA TEXTILES,paytmmp://mini-app?aId=77a7aa36c00e469482a6219004fde717&data=eyJwYXRoIjoiL2NpdHktYnVzL2dldFNvdXJjZURldGFpbHMiLCJwYXJhbXMiOnsibWVyY2hhbnRDaXR5S2V5IjoiYWhtZWRhYmFkX2JydHMiLCJzb3VyY2VJZCI6IjAxMTYifSwic3BhcmFtcyI6eyJwdWxsUmVmcmVzaCI6ZmFsc2UsImNhblB1bGxEb3duIjpmYWxzZSwic2hvd1RpdGxlQmFyIjpmYWxzZX19
0052,SONI NI CHALI,paytmmp://mini-app?aId=77a7aa36c00e469482a6219004fde717&data=eyJwYXRoIjoiL2NpdHktYnVzL2dldFNvdXJjZURldGFpbHMiLCJwYXJhbXMiOnsibWVyY2hhbnRDaXR5S2V5IjoiYWhtZWRhYmFkX2JydHMiLCJzb3VyY2VJZCI6IjAwNTIifSwic3BhcmFtcyI6eyJwdWxsUmVmcmVzaCI6ZmFsc2UsImNhblB1bGxEb3duIjpmYWxzZSwic2hvd1RpdGxlQmFyIjpmYWxzZX19
0080,SONI NI CHALI B,paytmmp://mini-app?aId=77a7aa36c00e469482a6219004fde717&data=eyJwYXRoIjoiL2NpdHktYnVzL2dldFNvdXJjZURldGFpbHMiLCJwYXJhbXMiOnsibWVyY2hhbnRDaXR5S2V5IjoiYWhtZWRhYmFkX2JydHMiLCJzb3VyY2VJZCI6IjAwODAifSwic3BhcmFtcyI6eyJwdWxsUmVmcmVzaCI6ZmFsc2UsImNhblB1bGxEb3duIjpmYWxzZSwic2hvd1RpdGxlQmFyIjpmYWxzZX19
0176,SOUTH BOPAL BRTS TERMINUS,paytmmp://mini-app?aId=77a7aa36c00e469482a6219004fde717&data=eyJwYXRoIjoiL2NpdHktYnVzL2dldFNvdXJjZURldGFpbHMiLCJwYXJhbXMiOnsibWVyY2hhbnRDaXR5S2V5IjoiYWhtZWRhYmFkX2JydHMiLCJzb3VyY2VJZCI6IjAxNzYifSwic3BhcmFtcyI6eyJwdWxsUmVmcmVzaCI6ZmFsc2UsImNhblB1bGxEb3duIjpmYWxzZSwic2hvd1RpdGxlQmFyIjpmYWxzZX19
0079,SP RING ROAD APPROACH,paytmmp://mini-app?aId=77a7aa36c00e469482a6219004fde717&data=eyJwYXRoIjoiL2NpdHktYnVzL2dldFNvdXJjZURldGFpbHMiLCJwYXJhbXMiOnsibWVyY2hhbnRDaXR5S2V5IjoiYWhtZWRhYmFkX2JydHMiLCJzb3VyY2VJZCI6IjAwNzkifSwic3BhcmFtcyI6eyJwdWxsUmVmcmVzaCI6ZmFsc2UsImNhblB1bGxEb3duIjpmYWxzZSwic2hvd1RpdGxlQmFyIjpmYWxzZX19
0069,STAR BAZAAR,paytmmp://mini-app?aId=77a7aa36c00e469482a6219004fde717&data=eyJwYXRoIjoiL2NpdHktYnVzL2dldFNvdXJjZURldGFpbHMiLCJwYXJhbXMiOnsibWVyY2hhbnRDaXR5S2V5IjoiYWhtZWRhYmFkX2JydHMiLCJzb3VyY2VJZCI6IjAwNjkifSwic3BhcmFtcyI6eyJwdWxsUmVmcmVzaCI6ZmFsc2UsImNhblB1bGxEb3duIjpmYWxzZSwic2hvd1RpdGxlQmFyIjpmYWxzZX19
0155,STERLING CITY,paytmmp://mini-app?aId=77a7aa36c00e469482a6219004fde717&data=eyJwYXRoIjoiL2NpdHktYnVzL2dldFNvdXJjZURldGFpbHMiLCJwYXJhbXMiOnsibWVyY2hhbnRDaXR5S2V5IjoiYWhtZWRhYmFkX2JydHMiLCJzb3VyY2VJZCI6IjAxNTUifSwic3BhcmFtcyI6eyJwdWxsUmVmcmVzaCI6ZmFsc2UsImNhblB1bGxEb3duIjpmYWxzZSwic2hvd1RpdGxlQmFyIjpmYWxzZX19
0180,STHAPATYA ELIGANCE,paytmmp://mini-app?aId=77a7aa36c00e469482a6219004fde717&data=eyJwYXRoIjoiL2NpdHktYnVzL2dldFNvdXJjZURldGFpbHMiLCJwYXJhbXMiOnsibWVyY2hhbnRDaXR5S2V5IjoiYWhtZWRhYmFkX2JydHMiLCJzb3VyY2VJZCI6IjAxODAifSwic3BhcmFtcyI6eyJwdWxsUmVmcmVzaCI6ZmFsc2UsImNhblB1bGxEb3duIjpmYWxzZSwic2hvd1RpdGxlQmFyIjpmYWxzZX19
0175,SUKHASAN CHAR RASTA,paytmmp://mini-app?aId=77a7aa36c00e469482a6219004fde717&data=eyJwYXRoIjoiL2NpdHktYnVzL2dldFNvdXJjZURldGFpbHMiLCJwYXJhbXMiOnsibWVyY2hhbnRDaXR5S2V5IjoiYWhtZWRhYmFkX2JydHMiLCJzb3VyY2VJZCI6IjAxNzUifSwic3BhcmFtcyI6eyJwdWxsUmVmcmVzaCI6ZmFsc2UsImNhblB1bGxEb3duIjpmYWxzZSwic2hvd1RpdGxlQmFyIjpmYWxzZX19
0109,SWAGAT BUNGALOW,paytmmp://mini-app?aId=77a7aa36c00e469482a6219004fde717&data=eyJwYXRoIjoiL2NpdHktYnVzL2dldFNvdXJjZURldGFpbHMiLCJwYXJhbXMiOnsibWVyY2hhbnRDaXR5S2V5IjoiYWhtZWRhYmFkX2JydHMiLCJzb3VyY2VJZCI6IjAxMDkifSwic3BhcmFtcyI6eyJwdWxsUmVmcmVzaCI6ZmFsc2UsImNhblB1bGxEb3duIjpmYWxzZSwic2hvd1RpdGxlQmFyIjpmYWxzZX19
0203,SWAGAT CITY,paytmmp://mini-app?aId=77a7aa36c00e469482a6219004fde717&data=eyJwYXRoIjoiL2NpdHktYnVzL2dldFNvdXJjZURldGFpbHMiLCJwYXJhbXMiOnsibWVyY2hhbnRDaXR5S2V5IjoiYWhtZWRhYmFkX2JydHMiLCJzb3VyY2VJZCI6IjAyMDMifSwic3BhcmFtcyI6eyJwdWxsUmVmcmVzaCI6ZmFsc2UsImNhblB1bGxEb3duIjpmYWxzZSwic2hvd1RpdGxlQmFyIjpmYWxzZX19
0024,SWAMINARAYAN COLLEGE,paytmmp://mini-app?aId=77a7aa36c00e469482a6219004fde717&data=eyJwYXRoIjoiL2NpdHktYnVzL2dldFNvdXJjZURldGFpbHMiLCJwYXJhbXMiOnsibWVyY2hhbnRDaXR5S2V5IjoiYWhtZWRhYmFkX2JydHMiLCJzb3VyY2VJZCI6IjAwMjQifSwic3BhcmFtcyI6eyJwdWxsUmVmcmVzaCI6ZmFsc2UsImNhblB1bGxEb3duIjpmYWxzZSwic2hvd1RpdGxlQmFyIjpmYWxzZX19
0030,SWAMINARAYAN MANDIR,paytmmp://mini-app?aId=77a7aa36c00e469482a6219004fde717&data=eyJwYXRoIjoiL2NpdHktYnVzL2dldFNvdXJjZURldGFpbHMiLCJwYXJhbXMiOnsibWVyY2hhbnRDaXR5S2V5IjoiYWhtZWRhYmFkX2JydHMiLCJzb3VyY2VJZCI6IjAwMzAifSwic3BhcmFtcyI6eyJwdWxsUmVmcmVzaCI6ZmFsc2UsImNhblB1bGxEb3duIjpmYWxzZSwic2hvd1RpdGxlQmFyIjpmYWxzZX19
0179,SWAMINARAYAN PARK,paytmmp://mini-app?aId=77a7aa36c00e469482a6219004fde717&data=eyJwYXRoIjoiL2NpdHktYnVzL2dldFNvdXJjZURldGFpbHMiLCJwYXJhbXMiOnsibWVyY2hhbnRDaXR5S2V5IjoiYWhtZWRhYmFkX2JydHMiLCJzb3VyY2VJZCI6IjAxNzkifSwic3BhcmFtcyI6eyJwdWxsUmVmcmVzaCI6ZmFsc2UsImNhblB1bGxEb3duIjpmYWxzZSwic2hvd1RpdGxlQmFyIjpmYWxzZX19
0056,THAKKAR NAGAR APPROACH,paytmmp://mini-app?aId=77a7aa36c00e469482a6219004fde717&data=eyJwYXRoIjoiL2NpdHktYnVzL2dldFNvdXJjZURldGFpbHMiLCJwYXJhbXMiOnsibWVyY2hhbnRDaXR5S2V5IjoiYWhtZWRhYmFkX2JydHMiLCJzb3VyY2VJZCI6IjAwNTYifSwic3BhcmFtcyI6eyJwdWxsUmVmcmVzaCI6ZmFsc2UsImNhblB1bGxEb3duIjpmYWxzZSwic2hvd1RpdGxlQmFyIjpmYWxzZX19
0199,TRIMANDIR,paytmmp://mini-app?aId=77a7aa36c00e469482a6219004fde717&data=eyJwYXRoIjoiL2NpdHktYnVzL2dldFNvdXJjZURldGFpbHMiLCJwYXJhbXMiOnsibWVyY2hhbnRDaXR5S2V5IjoiYWhtZWRhYmFkX2JydHMiLCJzb3VyY2VJZCI6IjAxOTkifSwic3BhcmFtcyI6eyJwdWxsUmVmcmVzaCI6ZmFsc2UsImNhblB1bGxEb3duIjpmYWxzZSwic2hvd1RpdGxlQmFyIjpmYWxzZX19
0173,UJALA CIRCLE,paytmmp://mini-app?aId=77a7aa36c00e469482a6219004fde717&data=eyJwYXRoIjoiL2NpdHktYnVzL2dldFNvdXJjZURldGFpbHMiLCJwYXJhbXMiOnsibWVyY2hhbnRDaXR5S2V5IjoiYWhtZWRhYmFkX2JydHMiLCJzb3VyY2VJZCI6IjAxNzMifSwic3BhcmFtcyI6eyJwdWxsUmVmcmVzaCI6ZmFsc2UsImNhblB1bGxEb3duIjpmYWxzZSwic2hvd1RpdGxlQmFyIjpmYWxzZX19
0011,UNIVERSITY,paytmmp://mini-app?aId=77a7aa36c00e469482a6219004fde717&data=eyJwYXRoIjoiL2NpdHktYnVzL2dldFNvdXJjZURldGFpbHMiLCJwYXJhbXMiOnsibWVyY2hhbnRDaXR5S2V5IjoiYWhtZWRhYmFkX2JydHMiLCJzb3VyY2VJZCI6IjAwMTEifSwic3BhcmFtcyI6eyJwdWxsUmVmcmVzaCI6ZmFsc2UsImNhblB1bGxEb3duIjpmYWxzZSwic2hvd1RpdGxlQmFyIjpmYWxzZX19
0023,VAIKUNTH DHAM MANDIR,paytmmp://mini-app?aId=77a7aa36c00e469482a6219004fde717&data=eyJwYXRoIjoiL2NpdHktYnVzL2dldFNvdXJjZURldGFpbHMiLCJwYXJhbXMiOnsibWVyY2hhbnRDaXR5S2V5IjoiYWhtZWRhYmFkX2JydHMiLCJzb3VyY2VJZCI6IjAwMjMifSwic3BhcmFtcyI6eyJwdWxsUmVmcmVzaCI6ZmFsc2UsImNhblB1bGxEb3duIjpmYWxzZSwic2hvd1RpdGxlQmFyIjpmYWxzZX19
0075,VALLABH NAGAR,paytmmp://mini-app?aId=77a7aa36c00e469482a6219004fde717&data=eyJwYXRoIjoiL2NpdHktYnVzL2dldFNvdXJjZURldGFpbHMiLCJwYXJhbXMiOnsibWVyY2hhbnRDaXR5S2V5IjoiYWhtZWRhYmFkX2JydHMiLCJzb3VyY2VJZCI6IjAwNzUifSwic3BhcmFtcyI6eyJwdWxsUmVmcmVzaCI6ZmFsc2UsImNhblB1bGxEb3duIjpmYWxzZSwic2hvd1RpdGxlQmFyIjpmYWxzZX19
0141,VASNA,paytmmp://mini-app?aId=77a7aa36c00e469482a6219004fde717&data=eyJwYXRoIjoiL2NpdHktYnVzL2dldFNvdXJjZURldGFpbHMiLCJwYXJhbXMiOnsibWVyY2hhbnRDaXR5S2V5IjoiYWhtZWRhYmFkX2JydHMiLCJzb3VyY2VJZCI6IjAxNDEifSwic3BhcmFtcyI6eyJwdWxsUmVmcmVzaCI6ZmFsc2UsImNhblB1bGxEb3duIjpmYWxzZSwic2hvd1RpdGxlQmFyIjpmYWxzZX19
0154,VASUNDHARA SOCIETY,paytmmp://mini-app?aId=77a7aa36c00e469482a6219004fde717&data=eyJwYXRoIjoiL2NpdHktYnVzL2dldFNvdXJjZURldGFpbHMiLCJwYXJhbXMiOnsibWVyY2hhbnRDaXR5S2V5IjoiYWhtZWRhYmFkX2JydHMiLCJzb3VyY2VJZCI6IjAxNTQifSwic3BhcmFtcyI6eyJwdWxsUmVmcmVzaCI6ZmFsc2UsImNhblB1bGxEb3duIjpmYWxzZSwic2hvd1RpdGxlQmFyIjpmYWxzZX19
0058,VIJAY PARK,paytmmp://mini-app?aId=77a7aa36c00e469482a6219004fde717&data=eyJwYXRoIjoiL2NpdHktYnVzL2dldFNvdXJjZURldGFpbHMiLCJwYXJhbXMiOnsibWVyY2hhbnRDaXR5S2V5IjoiYWhtZWRhYmFkX2JydHMiLCJzb3VyY2VJZCI6IjAwNTgifSwic3BhcmFtcyI6eyJwdWxsUmVmcmVzaCI6ZmFsc2UsImNhblB1bGxEb3duIjpmYWxzZSwic2hvd1RpdGxlQmFyIjpmYWxzZX19
0053,VIRATNAGAR,paytmmp://mini-app?aId=77a7aa36c00e469482a6219004fde717&data=eyJwYXRoIjoiL2NpdHktYnVzL2dldFNvdXJjZURldGFpbHMiLCJwYXJhbXMiOnsibWVyY2hhbnRDaXR5S2V5IjoiYWhtZWRhYmFkX2JydHMiLCJzb3VyY2VJZCI6IjAwNTMifSwic3BhcmFtcyI6eyJwdWxsUmVmcmVzaCI6ZmFsc2UsImNhblB1bGxEb3duIjpmYWxzZSwic2hvd1RpdGxlQmFyIjpmYWxzZX19
0093,VISAT-GANDHINAGAR JUNCTION,paytmmp://mini-app?aId=77a7aa36c00e469482a6219004fde717&data=eyJwYXRoIjoiL2NpdHktYnVzL2dldFNvdXJjZURldGFpbHMiLCJwYXJhbXMiOnsibWVyY2hhbnRDaXR5S2V5IjoiYWhtZWRhYmFkX2JydHMiLCJzb3VyY2VJZCI6IjAwOTMifSwic3BhcmFtcyI6eyJwdWxsUmVmcmVzaCI6ZmFsc2UsImNhblB1bGxEb3duIjpmYWxzZSwic2hvd1RpdGxlQmFyIjpmYWxzZX19
0136,VISHVAKARMA ENGINEERING COLLEGE (GTU),paytmmp://mini-app?aId=77a7aa36c00e469482a6219004fde717&data=eyJwYXRoIjoiL2NpdHktYnVzL2dldFNvdXJjZURldGFpbHMiLCJwYXJhbXMiOnsibWVyY2hhbnRDaXR5S2V5IjoiYWhtZWRhYmFkX2JydHMiLCJzb3VyY2VJZCI6IjAxMzYifSwic3BhcmFtcyI6eyJwdWxsUmVmcmVzaCI6ZmFsc2UsImNhblB1bGxEb3duIjpmYWxzZSwic2hvd1RpdGxlQmFyIjpmYWxzZX19
